"StudyId","consistent_RoB.Item.1...Selection.bias..Sequence.generation_Answer","consistent_RoB.Item.2...Selection.bias..Baseline.characteristics_Answer","consistent_RoB.Item.3...Selection.bias..Allocation.concealment._Answer","consistent_RoB.Item.4...Performance.bias..Random.housing._Answer","consistent_RoB.Item.5...Performance.bias..Blinding._Answer","consistent_RoB.Item.9...Reporting.bias..Selective.outcome.reporting._Answer","consistent_RoB.Item.10...Other..Other.sources.of.bias._Answer","consistent_RoB.Item.6...Detection.bias..Random.outcome.assessment._Answer","consistent_RoB.Item.7...Detection.bias..Blinding._Answer","consistent_RoB.Item.8...Attrition.bias..Incomplete.outcome.data._Answer"
"035890ce-6b6b-4302-bfb1-000861f6969b",TRUE,TRUE,TRUE,TRUE,TRUE,FALSE,FALSE,TRUE,TRUE,TRUE
"13e19590-ffc2-4147-9bd7-06c46f5c803f",TRUE,TRUE,TRUE,TRUE,TRUE,TRUE,TRUE,TRUE,TRUE,FALSE
"404543b8-bfcc-471e-aa66-14078dbfc0b6",TRUE,TRUE,TRUE,TRUE,TRUE,TRUE,FALSE,TRUE,TRUE,TRUE
"41f1214d-a130-4e41-9f5d-5bba37a157d4",TRUE,TRUE,TRUE,TRUE,TRUE,TRUE,FALSE,TRUE,TRUE,TRUE
"4ae80833-72fa-4a2f-8999-c4048ca1a441",TRUE,TRUE,TRUE,TRUE,TRUE,TRUE,TRUE,TRUE,TRUE,FALSE
"4c08cb9b-4d6b-40e6-ab41-3b290cdcc45c",TRUE,TRUE,TRUE,TRUE,TRUE,TRUE,TRUE,TRUE,TRUE,FALSE
"52279670-74ce-46ff-8f92-50fe4249fa33",TRUE,TRUE,TRUE,TRUE,TRUE,TRUE,FALSE,TRUE,TRUE,TRUE
"533cab06-d01a-4ef2-835c-42ddae7d2dc8",TRUE,TRUE,TRUE,TRUE,TRUE,TRUE,FALSE,TRUE,TRUE,TRUE
"5a6a2ca1-327a-47c7-b863-101b7e485d11",TRUE,TRUE,TRUE,TRUE,TRUE,TRUE,TRUE,TRUE,TRUE,FALSE
"5e901876-9252-45d1-900d-6f5f79ba7a9d",TRUE,TRUE,TRUE,TRUE,TRUE,TRUE,FALSE,TRUE,TRUE,TRUE
"638e4b3d-eabe-4942-978e-c768cfc10941",TRUE,TRUE,TRUE,TRUE,TRUE,TRUE,TRUE,TRUE,TRUE,FALSE
"66e44514-951f-49b1-a884-c3c72ad03ba9",TRUE,TRUE,TRUE,TRUE,TRUE,TRUE,FALSE,TRUE,TRUE,TRUE
"6755572d-297f-45b3-a93d-907df5c114e9",TRUE,TRUE,TRUE,TRUE,TRUE,TRUE,FALSE,TRUE,TRUE,TRUE
"71370efb-0f96-42cc-9de5-dff0b11d0cc4",TRUE,TRUE,TRUE,TRUE,TRUE,TRUE,FALSE,TRUE,TRUE,TRUE
"77370e56-81be-4305-9c2e-59c5c2994a9b",TRUE,TRUE,TRUE,TRUE,TRUE,TRUE,FALSE,TRUE,TRUE,TRUE
"7849d7ae-38d8-4d55-8ced-c02301cbdbd5",TRUE,TRUE,TRUE,TRUE,TRUE,TRUE,FALSE,TRUE,TRUE,TRUE
"7b99d515-05eb-4836-95d9-aeb6a75fac24",TRUE,TRUE,TRUE,TRUE,TRUE,TRUE,FALSE,TRUE,TRUE,FALSE
"896f7ad3-9201-47cd-871b-7c0ace964af8",TRUE,FALSE,TRUE,TRUE,TRUE,TRUE,TRUE,TRUE,TRUE,TRUE
"904415ff-d173-44d2-b52f-fa3a9e4dd409",TRUE,TRUE,TRUE,TRUE,TRUE,TRUE,FALSE,TRUE,TRUE,TRUE
"9131c792-39b0-4778-8bfe-05e7a65c8089",TRUE,TRUE,TRUE,TRUE,TRUE,TRUE,FALSE,TRUE,TRUE,TRUE
"96ba2d91-8b6f-45ea-9fe5-ccd4da169b31",TRUE,FALSE,TRUE,TRUE,TRUE,TRUE,FALSE,TRUE,TRUE,FALSE
"a0a07436-fe33-48dc-ba64-a0c1eb491b91",TRUE,FALSE,TRUE,TRUE,TRUE,TRUE,FALSE,TRUE,TRUE,TRUE
"a64ae6db-5195-4216-aea7-3a5b2a6112a1",TRUE,TRUE,TRUE,TRUE,TRUE,TRUE,FALSE,TRUE,TRUE,FALSE
"a6b032a4-554e-40ae-9d56-cce85d9f11fa",TRUE,TRUE,TRUE,TRUE,TRUE,TRUE,FALSE,TRUE,TRUE,TRUE
"a8757f14-f8c2-4c40-bb6d-ff231578a880",TRUE,TRUE,TRUE,TRUE,TRUE,TRUE,FALSE,TRUE,TRUE,TRUE
"ad3cda74-2502-4223-b1f0-2b9212b4de64",TRUE,TRUE,TRUE,TRUE,TRUE,TRUE,FALSE,TRUE,TRUE,TRUE
"c02d651c-3a9c-42bb-a77c-876af9d7ed4c",TRUE,TRUE,TRUE,TRUE,TRUE,TRUE,TRUE,TRUE,FALSE,FALSE
"c4312b39-b6b7-493f-9f46-551980edb381",TRUE,TRUE,TRUE,TRUE,TRUE,TRUE,FALSE,TRUE,TRUE,TRUE
"c800af79-3e5a-4925-a585-93ea245219e0",TRUE,TRUE,TRUE,TRUE,TRUE,TRUE,FALSE,TRUE,TRUE,TRUE
"db998ec1-956f-4d23-8691-c59c5df2bb1f",TRUE,TRUE,TRUE,TRUE,TRUE,TRUE,FALSE,TRUE,TRUE,TRUE
"e3e7ad5d-3eed-499d-b6b1-5a247877e331",TRUE,TRUE,TRUE,TRUE,TRUE,TRUE,FALSE,TRUE,TRUE,TRUE
"ed8b03ba-9a7a-4122-8f95-6434f7618d27",TRUE,TRUE,TRUE,TRUE,TRUE,TRUE,FALSE,TRUE,TRUE,TRUE
"f02c4958-348b-4301-a088-6bdf4cfd93b2",TRUE,TRUE,TRUE,TRUE,TRUE,TRUE,FALSE,TRUE,TRUE,TRUE
"f8c90979-548e-439d-a87f-4e4e9dea87e6",TRUE,TRUE,TRUE,TRUE,TRUE,TRUE,FALSE,TRUE,TRUE,TRUE
"fa9d3080-1f85-4956-bc17-459f71d0d213",TRUE,TRUE,TRUE,TRUE,TRUE,TRUE,FALSE,TRUE,TRUE,TRUE
"ffaafd35-4b91-4844-ae0e-163d7b92e6b0",TRUE,TRUE,TRUE,TRUE,TRUE,TRUE,FALSE,TRUE,TRUE,TRUE
"ffe0ffdc-4616-4116-a140-63c2697b592a",TRUE,TRUE,TRUE,TRUE,TRUE,TRUE,TRUE,TRUE,TRUE,FALSE
