"StudyId","consistent_RoB.Item.1...Selection.bias..Sequence.generation_Answer","consistent_RoB.Item.2...Selection.bias..Baseline.characteristics_Answer","consistent_RoB.Item.3...Selection.bias..Allocation.concealment._Answer","consistent_RoB.Item.4...Performance.bias..Random.housing._Answer","consistent_RoB.Item.5...Performance.bias..Blinding._Answer","consistent_RoB.Item.9...Reporting.bias..Selective.outcome.reporting._Answer","consistent_RoB.Item.10...Other..Other.sources.of.bias._Answer","consistent_RoB.Item.6...Detection.bias..Random.outcome.assessment._Answer","consistent_RoB.Item.7...Detection.bias..Blinding._Answer","consistent_RoB.Item.8...Attrition.bias..Incomplete.outcome.data._Answer"
"035890ce-6b6b-4302-bfb1-000861f6969b",TRUE,FALSE,TRUE,TRUE,TRUE,FALSE,FALSE,TRUE,TRUE,TRUE
"0caf38b0-61ef-4a55-9bc7-bcd831c0b25e",TRUE,FALSE,TRUE,TRUE,TRUE,TRUE,TRUE,TRUE,TRUE,TRUE
"13e19590-ffc2-4147-9bd7-06c46f5c803f",FALSE,TRUE,TRUE,TRUE,TRUE,TRUE,FALSE,TRUE,TRUE,FALSE
"162ce75b-2999-437b-a8b7-cbcd2e46178a",TRUE,FALSE,TRUE,TRUE,TRUE,TRUE,FALSE,TRUE,TRUE,TRUE
"162da5bc-821c-4628-92af-ab3f8cf05e6d",TRUE,FALSE,TRUE,TRUE,TRUE,TRUE,TRUE,TRUE,TRUE,TRUE
"1732560a-04d7-4a1c-bd9d-4c495162f93c",TRUE,FALSE,TRUE,TRUE,TRUE,TRUE,TRUE,TRUE,TRUE,TRUE
"19c77d76-1201-4e4f-a851-bd51bc320101",TRUE,FALSE,TRUE,TRUE,TRUE,TRUE,FALSE,TRUE,TRUE,FALSE
"229d6de2-b290-42a2-9bfa-9cdef6dd64b3",TRUE,FALSE,TRUE,TRUE,TRUE,TRUE,TRUE,TRUE,TRUE,TRUE
"404543b8-bfcc-471e-aa66-14078dbfc0b6",TRUE,FALSE,TRUE,TRUE,TRUE,FALSE,TRUE,TRUE,TRUE,TRUE
"41f1214d-a130-4e41-9f5d-5bba37a157d4",TRUE,FALSE,TRUE,TRUE,TRUE,TRUE,FALSE,TRUE,TRUE,TRUE
"4ae80833-72fa-4a2f-8999-c4048ca1a441",TRUE,FALSE,TRUE,TRUE,TRUE,TRUE,TRUE,TRUE,TRUE,FALSE
"4b01a4b2-17c3-4ebd-a137-f188d8958057",TRUE,TRUE,TRUE,TRUE,TRUE,FALSE,TRUE,TRUE,TRUE,TRUE
"4b61cca2-c668-42be-a222-337ef3f466af",FALSE,FALSE,TRUE,TRUE,TRUE,TRUE,FALSE,TRUE,TRUE,TRUE
"4c08cb9b-4d6b-40e6-ab41-3b290cdcc45c",TRUE,FALSE,TRUE,TRUE,TRUE,TRUE,TRUE,TRUE,TRUE,FALSE
"52279670-74ce-46ff-8f92-50fe4249fa33",TRUE,TRUE,TRUE,TRUE,TRUE,TRUE,FALSE,TRUE,TRUE,TRUE
"533cab06-d01a-4ef2-835c-42ddae7d2dc8",TRUE,TRUE,TRUE,TRUE,TRUE,FALSE,FALSE,TRUE,TRUE,TRUE
"5a6a2ca1-327a-47c7-b863-101b7e485d11",TRUE,FALSE,TRUE,TRUE,TRUE,TRUE,TRUE,TRUE,TRUE,FALSE
"5e901876-9252-45d1-900d-6f5f79ba7a9d",TRUE,TRUE,TRUE,TRUE,TRUE,TRUE,FALSE,TRUE,TRUE,TRUE
"62401477-72b1-4719-b420-fafaa9853782",TRUE,FALSE,TRUE,TRUE,TRUE,TRUE,TRUE,TRUE,TRUE,FALSE
"6378a711-739c-4644-9855-372fb86b08c0",TRUE,FALSE,TRUE,TRUE,TRUE,TRUE,TRUE,TRUE,TRUE,TRUE
"638e4b3d-eabe-4942-978e-c768cfc10941",TRUE,FALSE,TRUE,TRUE,TRUE,TRUE,TRUE,TRUE,TRUE,FALSE
"66e44514-951f-49b1-a884-c3c72ad03ba9",TRUE,TRUE,TRUE,TRUE,TRUE,TRUE,FALSE,TRUE,TRUE,TRUE
"6755572d-297f-45b3-a93d-907df5c114e9",TRUE,FALSE,TRUE,TRUE,TRUE,TRUE,FALSE,TRUE,TRUE,TRUE
"6d87acf6-c6f4-443b-9eac-4a136514fe4a",TRUE,FALSE,TRUE,TRUE,TRUE,TRUE,TRUE,TRUE,TRUE,TRUE
"6f782e00-48ec-4b66-afc2-6cd67f9331f3",TRUE,FALSE,TRUE,TRUE,TRUE,TRUE,TRUE,TRUE,TRUE,TRUE
"71370efb-0f96-42cc-9de5-dff0b11d0cc4",TRUE,FALSE,TRUE,TRUE,TRUE,FALSE,FALSE,TRUE,TRUE,TRUE
"77370e56-81be-4305-9c2e-59c5c2994a9b",TRUE,FALSE,TRUE,TRUE,TRUE,FALSE,FALSE,TRUE,TRUE,TRUE
"7849d7ae-38d8-4d55-8ced-c02301cbdbd5",TRUE,FALSE,TRUE,TRUE,TRUE,FALSE,TRUE,TRUE,TRUE,TRUE
"78c6d6fc-ea58-4301-a8a0-bb5bb239e72e",TRUE,FALSE,TRUE,TRUE,TRUE,TRUE,TRUE,TRUE,TRUE,TRUE
"7980693d-66ae-4b77-8daf-3078aff4ceed",TRUE,FALSE,TRUE,TRUE,TRUE,FALSE,TRUE,TRUE,TRUE,TRUE
"7a75f152-d9a9-4df7-9616-da2ef1d30c13",TRUE,FALSE,TRUE,TRUE,TRUE,TRUE,TRUE,TRUE,TRUE,TRUE
"7b99d515-05eb-4836-95d9-aeb6a75fac24",TRUE,FALSE,TRUE,TRUE,TRUE,TRUE,FALSE,TRUE,TRUE,FALSE
"819be100-9321-47e2-b444-069fe733913e",TRUE,FALSE,TRUE,TRUE,TRUE,TRUE,TRUE,TRUE,TRUE,TRUE
"8276c019-9812-437f-b9bb-905f23791b87",TRUE,FALSE,TRUE,TRUE,TRUE,TRUE,TRUE,TRUE,TRUE,TRUE
"896f7ad3-9201-47cd-871b-7c0ace964af8",TRUE,TRUE,TRUE,TRUE,TRUE,TRUE,TRUE,TRUE,TRUE,FALSE
"8a852a4a-f997-4111-b5bf-e13ab6370f34",TRUE,FALSE,TRUE,TRUE,TRUE,TRUE,TRUE,TRUE,TRUE,TRUE
"8de4d8f7-e094-4083-9a92-0caccdafd281",TRUE,TRUE,TRUE,TRUE,FALSE,TRUE,TRUE,TRUE,TRUE,TRUE
"904415ff-d173-44d2-b52f-fa3a9e4dd409",TRUE,FALSE,TRUE,TRUE,TRUE,TRUE,FALSE,TRUE,TRUE,TRUE
"9131c792-39b0-4778-8bfe-05e7a65c8089",TRUE,TRUE,TRUE,TRUE,TRUE,TRUE,FALSE,TRUE,TRUE,TRUE
"96ba2d91-8b6f-45ea-9fe5-ccd4da169b31",TRUE,FALSE,TRUE,TRUE,TRUE,TRUE,FALSE,TRUE,FALSE,TRUE
"98727f4b-a35d-451e-8d20-05e814ff8b03",TRUE,FALSE,TRUE,TRUE,TRUE,TRUE,TRUE,TRUE,TRUE,TRUE
"a0a07436-fe33-48dc-ba64-a0c1eb491b91",TRUE,FALSE,TRUE,TRUE,TRUE,TRUE,FALSE,TRUE,TRUE,FALSE
"a2a1751f-4dad-4c3b-a838-4ed1abc04216",TRUE,FALSE,TRUE,TRUE,TRUE,TRUE,TRUE,TRUE,TRUE,TRUE
"a64ae6db-5195-4216-aea7-3a5b2a6112a1",TRUE,FALSE,TRUE,TRUE,TRUE,TRUE,FALSE,TRUE,TRUE,FALSE
"a6b032a4-554e-40ae-9d56-cce85d9f11fa",TRUE,FALSE,TRUE,TRUE,TRUE,TRUE,FALSE,TRUE,TRUE,FALSE
"a8757f14-f8c2-4c40-bb6d-ff231578a880",TRUE,FALSE,TRUE,TRUE,TRUE,TRUE,FALSE,TRUE,TRUE,FALSE
"ab1bb68f-11e3-446f-ab0c-82ad9f60b2a0",TRUE,FALSE,TRUE,TRUE,TRUE,TRUE,TRUE,TRUE,TRUE,TRUE
"ad3cda74-2502-4223-b1f0-2b9212b4de64",TRUE,FALSE,FALSE,TRUE,TRUE,TRUE,FALSE,TRUE,TRUE,TRUE
"b404a675-759e-4248-96d2-9ff7ea9203e6",TRUE,FALSE,TRUE,TRUE,TRUE,TRUE,TRUE,TRUE,TRUE,TRUE
"c02d651c-3a9c-42bb-a77c-876af9d7ed4c",TRUE,TRUE,TRUE,TRUE,TRUE,TRUE,TRUE,TRUE,FALSE,FALSE
"c11c88e7-5f5c-4ca9-8dab-1624d5786537",TRUE,FALSE,FALSE,TRUE,FALSE,TRUE,TRUE,TRUE,TRUE,TRUE
"c25c9314-c298-4bfe-8d24-0a3b3a1649db",TRUE,FALSE,TRUE,TRUE,TRUE,TRUE,TRUE,TRUE,TRUE,TRUE
"c3fc020a-87ae-461e-9070-6217af95ddef",TRUE,FALSE,TRUE,TRUE,TRUE,TRUE,TRUE,TRUE,TRUE,TRUE
"c4312b39-b6b7-493f-9f46-551980edb381",TRUE,TRUE,TRUE,TRUE,TRUE,TRUE,FALSE,TRUE,TRUE,TRUE
"c800af79-3e5a-4925-a585-93ea245219e0",TRUE,TRUE,TRUE,TRUE,TRUE,TRUE,FALSE,TRUE,TRUE,TRUE
"d8cf725d-b952-49f2-ab33-d0d9ed38e3fa",TRUE,FALSE,TRUE,TRUE,TRUE,FALSE,TRUE,TRUE,TRUE,TRUE
"d95acce6-c7a9-4223-bba9-97adbc9b46cd",TRUE,FALSE,TRUE,TRUE,TRUE,TRUE,TRUE,TRUE,TRUE,TRUE
"db998ec1-956f-4d23-8691-c59c5df2bb1f",TRUE,FALSE,TRUE,TRUE,TRUE,TRUE,FALSE,TRUE,TRUE,TRUE
"e3e7ad5d-3eed-499d-b6b1-5a247877e331",TRUE,TRUE,TRUE,TRUE,TRUE,TRUE,FALSE,TRUE,FALSE,TRUE
"e70cce82-3238-4a46-a1dd-13b7d85b9587",TRUE,FALSE,TRUE,TRUE,TRUE,TRUE,TRUE,TRUE,TRUE,TRUE
"ed8b03ba-9a7a-4122-8f95-6434f7618d27",TRUE,TRUE,TRUE,TRUE,TRUE,TRUE,FALSE,TRUE,TRUE,TRUE
"ee527a99-29cd-4e3b-9d08-0648640f2fdb",TRUE,FALSE,TRUE,TRUE,TRUE,TRUE,FALSE,TRUE,TRUE,TRUE
"f02c4958-348b-4301-a088-6bdf4cfd93b2",TRUE,FALSE,TRUE,TRUE,TRUE,TRUE,FALSE,TRUE,TRUE,TRUE
"f8c90979-548e-439d-a87f-4e4e9dea87e6",TRUE,FALSE,TRUE,TRUE,TRUE,TRUE,FALSE,TRUE,TRUE,FALSE
"fa9d3080-1f85-4956-bc17-459f71d0d213",TRUE,FALSE,TRUE,TRUE,TRUE,FALSE,TRUE,TRUE,TRUE,TRUE
"ffaafd35-4b91-4844-ae0e-163d7b92e6b0",TRUE,TRUE,TRUE,TRUE,TRUE,TRUE,FALSE,TRUE,FALSE,FALSE
"ffe0ffdc-4616-4116-a140-63c2697b592a",TRUE,TRUE,TRUE,TRUE,TRUE,TRUE,TRUE,TRUE,TRUE,FALSE
