"StudyId","consistent_RoB.Item.6...Detection.bias..Random.outcome.assessment._Answer","consistent_RoB.Item.7...Detection.bias..Blinding._Answer","consistent_RoB.Item.8...Attrition.bias..Incomplete.outcome.data._Answer"
"13e19590-ffc2-4147-9bd7-06c46f5c803f",TRUE,TRUE,FALSE
"19c77d76-1201-4e4f-a851-bd51bc320101",TRUE,TRUE,FALSE
"4ae80833-72fa-4a2f-8999-c4048ca1a441",TRUE,TRUE,FALSE
"4c08cb9b-4d6b-40e6-ab41-3b290cdcc45c",TRUE,TRUE,FALSE
"5a6a2ca1-327a-47c7-b863-101b7e485d11",TRUE,TRUE,FALSE
"62401477-72b1-4719-b420-fafaa9853782",TRUE,TRUE,FALSE
"638e4b3d-eabe-4942-978e-c768cfc10941",TRUE,TRUE,FALSE
"7b99d515-05eb-4836-95d9-aeb6a75fac24",TRUE,TRUE,FALSE
"896f7ad3-9201-47cd-871b-7c0ace964af8",TRUE,TRUE,FALSE
"96ba2d91-8b6f-45ea-9fe5-ccd4da169b31",TRUE,FALSE,TRUE
"a0a07436-fe33-48dc-ba64-a0c1eb491b91",TRUE,TRUE,FALSE
"a64ae6db-5195-4216-aea7-3a5b2a6112a1",TRUE,TRUE,FALSE
"a6b032a4-554e-40ae-9d56-cce85d9f11fa",TRUE,TRUE,FALSE
"a8757f14-f8c2-4c40-bb6d-ff231578a880",TRUE,TRUE,FALSE
"c02d651c-3a9c-42bb-a77c-876af9d7ed4c",TRUE,FALSE,FALSE
"e3e7ad5d-3eed-499d-b6b1-5a247877e331",TRUE,FALSE,TRUE
"f8c90979-548e-439d-a87f-4e4e9dea87e6",TRUE,TRUE,FALSE
"ffaafd35-4b91-4844-ae0e-163d7b92e6b0",TRUE,FALSE,FALSE
"ffe0ffdc-4616-4116-a140-63c2697b592a",TRUE,TRUE,FALSE
