"authors","item 1 selection bias sequence generation","item 2 selection bias baseline characteristics","item 3 selection bias allocation concealment","item 4 performance bias random housing","item 5 performance bias blinding","item 6 detection bias random outcome assessment","item 7 detection bias blinding","item 8 attrition bias incomplete outcome data","item 9 reporting bias selective outcome reporting","item 10 other other sources of bias"
"Cheng et al. 2018","unclear","unclear","unclear","unclear","unclear","unclear","unclear","low","unclear","low"
"Ma et al. 2013","unclear","unclear","unclear","unclear","unclear","unclear","unclear","unclear","high","unclear"
"Kitagawa et al. 2018","unclear","unclear","unclear","unclear","unclear","unclear","unclear","unclear","high","unclear"
"Hahn et al. 2011","unclear","unclear","unclear","unclear","unclear","unclear","unclear","unclear","high","high"
"Hoda et al. 2014","unclear","unclear","unclear","unclear","unclear","unclear","unclear","low","unclear","low"
"Pignataro et al. 2013","unclear","unclear","unclear","unclear","unclear","unclear","low","high","low","unclear"
"Qi et al. 2016","unclear","unclear","unclear","unclear","unclear","unclear","unclear","unclear","high","high"
"Chen et al. 2018","unclear","low","unclear","unclear","unclear","unclear","unclear","low","high","low"
"Chen et al. 2018b","unclear","unclear","unclear","unclear","unclear","unclear","unclear","unclear","unclear","low"
"Xia et al. 2017","unclear","unclear","unclear","unclear","unclear","unclear","unclear","unclear","high","low"
"Liang et al. 2018","unclear","unclear","unclear","unclear","unclear","unclear","unclear","high","high","high"
"Liu et al. 2014","unclear","unclear","unclear","unclear","unclear","unclear","unclear","high","high","unclear"
"Shan et al. 2013","unclear","unclear","unclear","unclear","unclear","unclear","unclear","high","high","high"
"Liu et al. 2019","unclear","unclear","unclear","unclear","unclear","unclear","unclear","unclear","high","high"
"Doeppner et al. 2018","unclear","unclear","unclear","unclear","unclear","unclear","low","unclear","high","low"
"Liu et al. 2018","unclear","unclear","unclear","unclear","unclear","unclear","unclear","unclear","high","unclear"
"Cheng et al. 2014","unclear","unclear","unclear","unclear","unclear","unclear","unclear","unclear","unclear","unclear"
"Kong et al. 2013","unclear","unclear","unclear","unclear","unclear","unclear","unclear","high","high","unclear"
"Bonova et al. 2016","unclear","unclear","unclear","unclear","unclear","unclear","low","high","high","low"
