"authors","item 1 selection bias sequence generation","item 2 selection bias baseline characteristics","item 3 selection bias allocation concealment","item 4 performance bias random housing","item 5 performance bias blinding","item 6 detection bias random outcome assessment","item 7 detection bias blinding","item 8 attrition bias incomplete outcome data","item 9 reporting bias selective outcome reporting","item 10 other other sources of bias"
"Hoda et al. 2012","unclear","unclear","unclear","unclear","unclear","unclear","unclear","unclear","unclear","low"
"Hoda et al. 2012b","unclear","unclear","unclear","unclear","unclear","unclear","unclear","high","unclear","low"
"Yang et al. 2018","unclear","unclear","unclear","unclear","unclear","unclear","unclear","unclear","high","unclear"
"Yang et al. 2018b","unclear","unclear","unclear","unclear","unclear","unclear","unclear","unclear","high","high"
"Wang et al. 2016","unclear","unclear","unclear","unclear","unclear","unclear","unclear","unclear","unclear","unclear"
"Wang et al. 2016b","unclear","unclear","unclear","unclear","unclear","unclear","unclear","high","unclear","unclear"
"Chen et al. 2014","unclear","unclear","unclear","unclear","unclear","unclear","unclear","unclear","unclear","low"
"Chen et al. 2014b","unclear","unclear","unclear","unclear","unclear","unclear","unclear","high","unclear","low"
"Zhang et al. 2017","unclear","unclear","unclear","unclear","unclear","unclear","unclear","unclear","high","unclear"
"Zhang et al. 2017b","unclear","unclear","unclear","unclear","unclear","unclear","unclear","unclear","high","high"
"Gao et al. 2017","unclear","unclear","unclear","unclear","unclear","unclear","unclear","unclear","high","unclear"
"Gao et al. 2017b","unclear","unclear","unclear","unclear","unclear","unclear","unclear","high","high","unclear"
"Zhao et al. 2019","unclear","unclear","unclear","unclear","unclear","unclear","unclear","high","low","unclear"
"Zhao et al. 2019b","unclear","unclear","unclear","unclear","unclear","unclear","unclear","high","low","low"
"Zhou et al. 2015","unclear","unclear","unclear","unclear","unclear","unclear","unclear","unclear","unclear","low"
"Zhou et al. 2015b","unclear","unclear","unclear","unclear","unclear","unclear","unclear","high","unclear","low"
"Xiao et al. 2015","unclear","unclear","unclear","unclear","unclear","unclear","unclear","unclear","high","unclear"
"Xiao et al. 2015b","unclear","unclear","unclear","unclear","unclear","unclear","unclear","unclear","high","low"
"Zhang et al. 2012","unclear","unclear","unclear","unclear","unclear","unclear","unclear","high","high","unclear"
"Zhang et al. 2012b","unclear","unclear","unclear","unclear","unclear","unclear","unclear","high","high","low"
"Li et al. 2015","unclear","low","unclear","unclear","unclear","unclear","low","low","high","unclear"
"Li et al. 2015b","unclear","unclear","unclear","unclear","unclear","unclear","low","unclear","high","low"
"Hu et al. 2012","unclear","unclear","unclear","unclear","unclear","unclear","unclear","low","unclear","unclear"
"Hu et al. 2012b","unclear","unclear","unclear","unclear","unclear","unclear","unclear","unclear","unclear","low"
"Xu et al. 2012","unclear","unclear","unclear","unclear","unclear","unclear","unclear","high","high","unclear"
"Xu et al. 2012b","unclear","unclear","unclear","unclear","unclear","unclear","unclear","high","high","high"
"Ma et al. 2017","unclear","unclear","unclear","unclear","low","unclear","unclear","high","unclear","low"
"Ma et al. 2017b","unclear","unclear","unclear","unclear","low","unclear","low","low","unclear","low"
"Zong et al. 2015","unclear","unclear","unclear","unclear","unclear","unclear","unclear","unclear","high","unclear"
"Zong et al. 2015b","unclear","unclear","unclear","unclear","unclear","unclear","unclear","unclear","high","low"
"Yuan et al. 2012","unclear","unclear","unclear","unclear","unclear","unclear","unclear","unclear","high","unclear"
"Yuan et al. 2012b","unclear","unclear","unclear","unclear","unclear","unclear","unclear","unclear","high","high"
"Wu et al. 2015","unclear","unclear","unclear","unclear","unclear","unclear","unclear","unclear","unclear","unclear"
"Wu et al. 2015b","unclear","unclear","unclear","unclear","unclear","unclear","unclear","high","unclear","unclear"
