"StudyId","InvestigatorId","Title","Authors","PublicationName","AlternateName","Abstract","Url","AuthorAddress","Year","Doi","ReferenceType","Keywords","PdfRelativePath","CustomId","DateTimeStudyAdded","SystematicSearchId","SystematicSearchName","Reconciled","InvestigatorName.x","RoB.Item.1...Selection.bias..Sequence.generation_AnnotationId","RoB.Item.1...Selection.bias..Sequence.generation_Answer","RoB.Item.1...Selection.bias..Sequence.generation_Comments","RoB.Item.1...Selection.bias..Sequence.generation_DateTimeAnnotated","RoB.Item.2...Selection.bias..Baseline.characteristics_AnnotationId","RoB.Item.2...Selection.bias..Baseline.characteristics_Answer","RoB.Item.2...Selection.bias..Baseline.characteristics_Comments","RoB.Item.2...Selection.bias..Baseline.characteristics_DateTimeAnnotated","RoB.Item.3...Selection.bias..Allocation.concealment._AnnotationId","RoB.Item.3...Selection.bias..Allocation.concealment._Answer","RoB.Item.3...Selection.bias..Allocation.concealment._Comments","RoB.Item.3...Selection.bias..Allocation.concealment._DateTimeAnnotated","RoB.Item.4...Performance.bias..Random.housing._AnnotationId","RoB.Item.4...Performance.bias..Random.housing._Answer","RoB.Item.4...Performance.bias..Random.housing._Comments","RoB.Item.4...Performance.bias..Random.housing._DateTimeAnnotated","RoB.Item.5...Performance.bias..Blinding._AnnotationId","RoB.Item.5...Performance.bias..Blinding._Answer","RoB.Item.5...Performance.bias..Blinding._Comments","RoB.Item.5...Performance.bias..Blinding._DateTimeAnnotated","RoB.Item.9...Reporting.bias..Selective.outcome.reporting._AnnotationId","RoB.Item.9...Reporting.bias..Selective.outcome.reporting._Answer","RoB.Item.9...Reporting.bias..Selective.outcome.reporting._Comments","RoB.Item.9...Reporting.bias..Selective.outcome.reporting._DateTimeAnnotated","RoB.Item.10...Other..Other.sources.of.bias._AnnotationId","RoB.Item.10...Other..Other.sources.of.bias._Answer","RoB.Item.10...Other..Other.sources.of.bias._Comments","RoB.Item.10...Other..Other.sources.of.bias._DateTimeAnnotated","InvestigatorName.y","OutcomeId","OutcomeLabel","RoB.Item.6...Detection.bias..Random.outcome.assessment._AnnotationId","RoB.Item.6...Detection.bias..Random.outcome.assessment._Answer","RoB.Item.6...Detection.bias..Random.outcome.assessment._Comments","RoB.Item.6...Detection.bias..Random.outcome.assessment._DateTimeAnnotated","RoB.Item.7...Detection.bias..Blinding._AnnotationId","RoB.Item.7...Detection.bias..Blinding._Answer","RoB.Item.7...Detection.bias..Blinding._Comments","RoB.Item.7...Detection.bias..Blinding._DateTimeAnnotated","RoB.Item.8...Attrition.bias..Incomplete.outcome.data._AnnotationId","RoB.Item.8...Attrition.bias..Incomplete.outcome.data._Answer","RoB.Item.8...Attrition.bias..Incomplete.outcome.data._Comments","RoB.Item.8...Attrition.bias..Incomplete.outcome.data._DateTimeAnnotated"
"13e19590-ffc2-4147-9bd7-06c46f5c803f","1b96b68f-9627-4436-b421-db699510f2ae","Remote Ischemic Perconditioning Is Effective Alone and in Combination With Intravenous Tissue-Type Plasminogen Activator in Murine Model of Embolic Stroke","M. N. Hoda;S. Siddiqui;S. Herberg;S. Periyasamy-Thandavan;K. Bhatia;S. S. Hafez;M. H. Johnson;W. D. Hill;A. Ergul;S. C. Fagan;D. C. Hess","Stroke","Stroke","Background and Purpose-Remote ischemic conditioning is cardioprotective in myocardial infarction and neuroprotective in mechanical occlusion models of stroke. However, there is no report on its therapeutic potential in a physiologically relevant embolic stroke model (embolic middle cerebral artery occlusion) in combination with intravenous tissue-type plasminogen activator (tPA).
Methods-We tested remote ischemic perconditioning therapy (RIPerC) at 2 hours after embolic middle cerebral artery occlusion in the mouse with and without intravenous tPA at 4 hours. We assessed cerebral blood flow up to 6 hours, neurological deficits, injury size, and phosphorylation of Akt (Serine(473)) as a prosurvival signal in the ischemic hemisphere at 48 hours poststroke.
Results-RIPerC therapy alone improved the cerebral blood flow and neurological outcomes. tPA alone at 4 hours did not significantly improve the neurological outcome even after successful thrombolysis. Individual treatments with RIPerC and intravenous tPA reduced the infarct size (25.7% and 23.8%, respectively). Combination therapy of RIPerC and tPA resulted in additive effects in further improving the neurological outcome and reducing the infarct size (50%). All the therapeutic treatments upregulated phosphorylation of Akt in the ischemic hemisphere.
Conclusions-RIPerC is effective alone after embolic middle cerebral artery occlusion and has additive effects in combination with intravenous tPA. RIPerC may be a simple, safe, and inexpensive combination therapy with intravenous tPA. (Stroke. 2012;43:2794-2799.)","<Go to ISI>://WOS:000309258900053","Georgia Hlth Sci Univ, Dept Neurol, Augusta, GA 30912 USA
Georgia Hlth Sci Univ, Dept Cell Biol & Anat, Augusta, GA 30912 USA
Georgia Hlth Sci Univ, Dept Med, Augusta, GA 30912 USA
Georgia Hlth Sci Univ, Dept Physiol, Augusta, GA 30912 USA
Georgia Hlth Sci Univ, Dept Biostat, Augusta, GA 30912 USA
Univ Georgia, Coll Pharm, Program Clin & Expt Therapeut, Augusta, GA USA
Charlie Norwood VA Med Ctr, Augusta, GA USA",2012,"10.1161/Strokeaha.112.660373","Journal Article","embolic stroke;iv tpa;remote ischemic conditioning;cerebral-blood-flow;nitric-oxide;current knowledge;protection;brain","/0159178627/Hoda-2012-Remote Ischemic Perconditioning Is E.pdf",NA,"2024-08-16 14:07:02","825ebfc6-7a60-4df4-86a2-98f0c26f4ecb","SR-SAVI_RIC","False","sofija vojvodic","c9c4bfd4-1518-4de2-b5de-ff51eee97415","unclear","","2024-09-12 13:49:28","3792a30b-bc81-4951-bcca-4da5876cb3b4","unclear","","2024-09-12 13:49:28","101fc4b0-d501-49e7-bd4f-901f46841317","unclear","","2024-09-12 13:49:28","e8f8f115-0389-48f0-99f9-6be5c46c5ea8","unclear",NA,"2024-09-12 13:49:28","62c149da-be7f-434c-bbb3-8660c24d8005","unclear","","2024-09-12 13:49:28","8e52fbc9-55bd-482c-bd0b-34b551df19f2","unclear","","2024-09-12 13:49:28","a05c99c3-b682-4319-bc51-b781c701ba68","low","","2024-09-12 13:49:28","sofija vojvodic","afd4caf9-0b47-4d55-b08a-a43aaaa197e0","infarct volume","a00416f0-b324-440e-9e9d-0903825c454c","unclear","","2024-09-12 13:49:28","b7f66a15-45cd-4a1e-b990-966eeed1aa93","unclear","","2024-09-12 13:49:28","90bcec48-5b43-4010-a9a3-9a92c36288cd","unclear","","2024-09-12 13:49:28"
"41f1214d-a130-4e41-9f5d-5bba37a157d4","1b96b68f-9627-4436-b421-db699510f2ae","Hypoxia Inducible Factor 1α Plays a Key Role in Remote Ischemic Preconditioning Against Stroke by Modulating Inflammatory Responses in Rats","J. Yang;C. Y. Liu;X. N. Du;M. L. Liu;X. M. Ji;H. S. Du;H. Zhao","Journal of the American Heart Association","Journal of the American Heart Association","Background-Limb remote ischemic preconditioning (RIPC) protects against brain injury induced by stroke, but the underlying protective mechanisms remain unknown. As hypoxia inducible factor 1 alpha (HIF-1 alpha) is neuroprotective in stroke and mediates neuroinflammation, we tested the hypothesis that HIF-1 alpha is a key factor of RIPC against stroke by mediating inflammation.
Methods and Results-Stroke was induced by transient middle cerebral artery occlusion in rats, and RIPC was conducted in both hind limbs. The HIF-1 alpha mRNA was examined by quantitative reverse transcription polymerase chain reaction after RIPC. In addition, inflammatory cytokines in the peripheral blood and brain were measured using the AimPlex multiplex immunoassays. Data showed that RIPC reduced the infarct size, improved neurological functions, and increased HIF-1 alpha mRNA levels, interleukin (IL)-4, and IL-10 protein levels in the peripheral blood. Intraperitoneal injection of the HIF activator, dimethyloxaloylglycine, reduced the infarct size and inhibited interferon-c protein levels, while promoting IL-4 and IL-10 protein levels, while decreasing interferon-c protein levels in both the peripheral blood and ischemic brain. In addition, injection of dimethyloxaloylglycine had a synergistic effect with RIPC on reducing infarction and improving neurological functions, as well as decreasing interferon-c in the peripheral blood and ischemic brain. In contrast, injection of the HIF inhibitor, acriflavine hydrochloride, abolished the protective effects of RIPC on infarction, and reduced IL-4 and IL-10 protein levels in both the peripheral blood and ischemic brain.
Conclusions-We conclude that HIF-1 alpha plays a key role in RIPC, likely mediated by a systemic modulation of the inflammatory response.","<Go to ISI>://WOS:000430007700007","Capital Med Univ, Dept Neurol, China Amer Inst Neurosci, Beijing Luhe Hosp, Beijing, Peoples R China
Capital Med Univ, Dept Neurol, Luhe Hosp, 82 South Xin Hua, Beijing 100110, Peoples R China
Capital Med Univ, Dept Neurosurg, Xuanwu Hosp, Beijing, Peoples R China
Stanford Univ, Dept Neurosurg, Stanford, CA 94305 USA",2018,"ARTN e007589
10.1161/JAHA.117.007589","Journal Article","cerebral ischemia;hypoxia inducible factor-1 alpha;inflammatory cytokines;remote ischemic preconditioning;reperfusion;cerebral-ischemia;brain-injury;target genes;neonatal rat;factor-i;neuroprotection;protects;factor-1-alpha;erythropoietin;hif-1-alpha","",NA,"2024-08-16 14:07:02","825ebfc6-7a60-4df4-86a2-98f0c26f4ecb","SR-SAVI_RIC","False","sofija vojvodic","6cc8f3b2-4125-4dbd-a957-4f2efa9503f2","unclear","","2024-09-19 13:43:38","acad721b-9384-40c1-b0ce-c77f314cf4d0","unclear","","2024-09-19 13:43:38","7e4fc40b-2509-4408-b5cf-667054e66719","unclear","","2024-09-19 13:43:38","ca694a39-51e7-4ce5-965e-d34e0ed6f457","unclear",NA,"2024-09-19 13:43:38","c4e52f3e-7e52-4729-98c5-b3100ebb305c","unclear","","2024-09-19 13:43:38","2721c7e0-14d9-4663-9154-f2ad2780ab47","high","","2024-09-19 13:43:38","86f9a78a-3301-4fb7-9028-4c139a509784","unclear","","2024-09-19 13:43:38","sofija vojvodic","40ac3c69-5e10-4d21-be48-ec5088bbb79e","infarct volume","45ce28f9-4fd5-4f3a-aed9-c19f159d0ea1","unclear","","2024-09-19 13:43:38","34bc29e0-a9a1-4c7b-8e55-d3bc14db666e","unclear","","2024-09-19 13:43:38","90ade06c-572d-48fc-9334-c2716e0bd76c","unclear","","2024-09-19 13:43:38"
"4ae80833-72fa-4a2f-8999-c4048ca1a441","1b96b68f-9627-4436-b421-db699510f2ae","A Combination of Remote Ischemic Perconditioning and Cerebral Ischemic Postconditioning Inhibits Autophagy to Attenuate Plasma HMGB1 and Induce Neuroprotection Against Stroke in Rat","J. Wang;D. Han;M. Sun;J. Feng","J Mol Neurosci","J Mol Neurosci","Remote ischemic perconditioning (RIPerC) and ischemic postconditioning (IPOC) are well-acknowledged neuroprotective procedures during ischemic injury. The present study established a combined RIPerC and IPOC (RIPerC + IPOC) model in rats and studied how it would regulate the autophagy process and affect HMGB1 levels in a rat model of middle cerebral artery occlusion (MCAO). Rats with MCAO were treated with RIPerC by fastening and release of the left hind limb to achieve 4 cycles of 5 min remote ischemia reperfusion, 40 min prior to cerebral reperfusion, and then treated with IPOC by exposing the cerebral middle artery to 3 cycles of 30 s reperfusion/30 s occlusion at the onset of cerebral reperfusion. Infarction volumes, neurological deficits, and pathological changes were assessed 24 h after ischemia. The autophagy activator rapamycin (RAP) and the autophagy inhibitor 3-methyladenine (3-MA) were administrated for further mechanism. The expression and location of HMGB1 and the autophagy-related proteins like LC3, Beclin1, and P62 as well as plasma HMGB1 levels were measured. Our results suggested that RIPerC + IPOC attenuated plasma HMGB1 levels to intensify its neuroprotective effect against cerebral ischemic reperfusion injury via inhibiting the autophagy process.","https://www.ncbi.nlm.nih.gov/pubmed/26852332","Department of Neurology, Shengjing Hospital, Affiliated Hospital of China Medical University, No.36 Sanhao Street, Shenyang, 110004, China.
Department of Neurology, Shengjing Hospital, Affiliated Hospital of China Medical University, No.36 Sanhao Street, Shenyang, 110004, China. fengjuan99999@hotmail.com.",2016,"10.1007/s12031-016-0724-9","Journal Article","Animals;*Autophagy;Brain/blood supply/metabolism;HMGB1 Protein/*blood;Infarction, Middle Cerebral Artery/*metabolism;Ischemic Postconditioning/*methods;Ischemic Preconditioning/*methods;Male;Rats;Rats, Sprague-Dawley;Autophagy inhibition;Cerebral ischemia reperfusion treatment;HMGB1 translocation;Mcao","/2042289775/Wang-2016-A Combination of Remote Ischemic Per.pdf",NA,"2024-08-16 14:07:02","825ebfc6-7a60-4df4-86a2-98f0c26f4ecb","SR-SAVI_RIC","False","sofija vojvodic","e4e88a98-aed0-4a29-b65e-f73832f99f5e","unclear","","2024-09-19 13:46:11","0a764afb-d6e1-4c45-9a5f-aa89079b1623","unclear","","2024-09-19 13:46:11","3548d827-b256-49df-91e8-c9783662ecdb","unclear","","2024-09-19 13:46:11","ae72ac53-4c14-49c1-bed9-b903d56cd67a","unclear",NA,"2024-09-19 13:46:11","2ca744d7-73e2-4b9c-a860-6a11f4065a8a","unclear","","2024-09-19 13:46:11","e630bbc4-e87a-4326-b2ae-69631538115a","unclear","","2024-09-19 13:46:11","7614d423-b27e-45fb-947a-25ae80eea214","unclear","","2024-09-19 13:46:11","sofija vojvodic","d9598e4c-1185-43b1-b5ee-0bd94b6fd9b2","infarct volume","5965b617-ca31-48f0-80fb-d12b9c4f69a5","unclear","","2024-09-19 13:46:11","1e1a34e4-d4b8-4614-bf79-7018016d74a6","unclear","","2024-09-19 13:46:11","6c443086-88c9-4cf7-956d-9aafe4c21198","unclear","","2024-09-19 13:46:11"
"4c08cb9b-4d6b-40e6-ab41-3b290cdcc45c","1b96b68f-9627-4436-b421-db699510f2ae","Limb remote ischemic post-conditioning reduces brain reperfusion injury by reversing eNOS uncoupling","G. L. Chen;J. Yang;G. X. Lu;J. M. Guo;Y. N. Dou","Indian Journal of Experimental Biology","Indian Journal of Experimental Biology","Limb remote ischernic postconditioning (LRIP) can reduce ischemia-reperfusion injury (IRI), but its mechanisms are still unclear. We hypothesize that LRIP reduces IRI by reversing eNOS uncoupling. Focal ischemia was induced in Sprague-Dawley rats by middle cerebral artery occlusion for 2 h followed by a 24 h reperfusion. Before this surgery, folic acid (FA) was administered to the drug treatment group by gavage for 11 days. After a 24 h reperfusion, behavioural testing, vascular function, NO concentration and superoxide dismutase activity in the serum were determined. In addition, the infarct size of the brain was also detected. The mRNA of eNOS, nNOS, GTP cyclohydrolase I (GTPCH), P22(phox) and xanthine oxidase (XO) in the ischemic region were detected by RT-PCR, and nitrotyrosine (Tyr-NO2) was detected using Western blot analysis. The results showed that LRIP, FA and FA+LRIP all could improve behavioural score, and increase NO mediated endothelium-dependent vasomotor responses, reduce infarction of rats subjected to IRI. Western blot and RT-PCR analyses showed that the Tyr-NO2 levels and the mRNA expression of NADPH oxidase catalytic subunit P22(phox) and XO were up-regulated in the ischemic brain, which was significantly inhibited by LRIP, FA and FA+LRIP. The mRNA expression of the rate-limiting enzyme in BH4 synthesis, GTPCH, was down-regulated in the ischemic brain, which could be significantly augmented by LRIP and FA+LRIP. It can be concluded that IRI induces eNOS uncoupling in the cerebral ischemic region and LRIP partially reverses the eNOS uncoupling induced by IRI.","<Go to ISI>://WOS:000336883600003","China Pharmaceut Univ, Dept Pharmacol Chinese Mat Med, Nanjing 210009, Jiangsu, Peoples R China
China Pharmaceut Univ, Dept Key Lab Modern Chinese Med, Nanjing 210009, Jiangsu, Peoples R China",2014,"","Journal Article","enos uncoupling;ischemic stroke;limb ischemic postconditioning;nitrotyrosine;reperfusion injury;nitric-oxide synthase;acute myocardial-infarction;cerebral-artery occlusion;postconditioning protects;focal ischemia;rat model;stroke;dysfunction;transplantation;expression","",NA,"2024-08-16 14:07:02","825ebfc6-7a60-4df4-86a2-98f0c26f4ecb","SR-SAVI_RIC","False","sofija vojvodic","216fea84-ffc1-454d-935f-75c6a3c0354c","unclear","","2024-09-19 13:49:04","0b01cdf5-dd68-431b-ae4c-3f3219fdd2f7","unclear","","2024-09-19 13:49:04","49837643-9b48-4e21-baeb-34ea162c429f","unclear","","2024-09-19 13:49:04","70ee02e6-9036-44a4-a46d-6ed2c999a9d8","unclear",NA,"2024-09-19 13:49:04","263e01a6-50ea-4a4b-8b80-4de13631ec68","unclear","","2024-09-19 13:49:04","0062bda8-b998-44da-8ed1-f5b743ed5fd2","unclear","","2024-09-19 13:49:04","4e4a7761-78ed-4d7f-96ed-3acaaa365a60","low","","2024-09-19 13:49:04","sofija vojvodic","eeb37f70-27da-4ead-97fc-bc080b2604a4","infarct volume","b9297069-de7c-499c-bb2d-c2b206f333b1","unclear","","2024-09-19 13:49:04","d921fde4-162b-4b87-9ab3-b9b377683f3e","unclear","","2024-09-19 13:49:04","a754d5e5-27b9-45c6-9345-bcd8b33e7b38","unclear","","2024-09-19 13:49:04"
"52279670-74ce-46ff-8f92-50fe4249fa33","1b96b68f-9627-4436-b421-db699510f2ae","Limb remote ischaemic postconditioning-induced elevation of fibulin-5 confers neuroprotection to rats with cerebral ischaemia/reperfusion injury: Activation of the AKT pathway","W. Zhang;Y. Wang;G. R. Bi","Clinical and Experimental Pharmacology and Physiology","Clinical and Experimental Pharmacology and Physiology","Limb remote ischaemic postconditioning (RIPostC) is an effective and well-acknowledged treatment for brain ischaemia injury. The present study aimed to evaluate the role of fibulin-5 in the neuroprotection of RIPostC against cerebral ischaemia/reperfusion (I/R) injury in rats. The middle cerebral artery occlusion (MCAO) model was established in rats and then RIPostC was carried out by three cycles of 10 minutes occlusion/10 minutes release of the bilateral femoral artery at the beginning of the reperfusion. To downregulate the fibulin-5 level, fibulin-5 siRNA was injected into the lateral ventricle 24 hours before MCAO. According to our present study, RIPostC attenuated cerebral I/R injury by decreasing infarct volume, improving neurobehavioral score and suppressing blood brain barrier (BBB) leakage. Moreover, the mRNA and protein levels of fibulin-5 were upregulated by RIPostC at 24 hours and 72 hours after reperfusion. Downregulation of fibulin-5 attenuated the neuroprotection of RIPostC. Finally, the result showed that fibulin-5 was upregulated by RIPostC via activation of the PI3K/AKT pathway. Taken together, these results provide evidence that upregulation of fibulin-5 is involved in the beneficial effect of RIPostC against cerebral I/R injury.","<Go to ISI>://WOS:000404275300006","China Med Univ, Shengjing Hosp, Dept Neurol, Shenyang, Peoples R China
Beijing Tsinghua Changgung Hosp, Dept Neurol, Beijing, Peoples R China",2017,"10.1111/1440-1681.12742","Journal Article","cerebral ischaemia/ reperfusion;fibulin-5;neuroprotection;pi3k/akt;remote ischaemic postconditioning;ischemia/reperfusion injury;reperfusion injury;endothelial-cells;artery occlusion;brain;expression;disruption;protection;stroke;invasion","/3642763145/Zhang-2017-Limb remote ischaemic postcondition.pdf",NA,"2024-08-16 14:07:02","825ebfc6-7a60-4df4-86a2-98f0c26f4ecb","SR-SAVI_RIC","False","sofija vojvodic","40885c9a-0572-411f-9350-8e88727a2354","unclear","","2024-09-19 13:50:01","02ddd50a-73f6-4a18-8cc4-8f8f74b24ed8","unclear","","2024-09-19 13:50:01","c661afe2-bf6b-4810-b816-3385c45f1779","unclear","","2024-09-19 13:50:01","9b0e7409-900a-400a-a009-1b4e3dda7f6f","unclear",NA,"2024-09-19 13:50:01","ba43d7bd-63de-4f97-a03b-7327704fbcae","unclear","","2024-09-19 13:50:01","63d6a49b-fe1f-40c7-a239-5f62d43334fa","high","","2024-09-19 13:50:01","0be6c8df-641c-4fca-a2d9-30dc709efe09","unclear","# no sham RIC","2024-09-19 13:50:01","sofija vojvodic","ddd15224-ccf3-4413-9e90-1c21b6a6c5cc","infarct volume","4d20ccab-410e-4458-aac2-23f95d78aaf9","unclear","","2024-09-19 13:50:01","0ca3c5c8-c336-428f-9790-ab96afede5e5","unclear","","2024-09-19 13:50:01","1ff55b5e-a587-49e3-9415-d54b9029c514","unclear","","2024-09-19 13:50:01"
"5a6a2ca1-327a-47c7-b863-101b7e485d11","1b96b68f-9627-4436-b421-db699510f2ae","Remote ischemic postconditioning confers neuroprotective effects via inhibition of the BID-mediated mitochondrial apoptotic pathway","X. Gao;Y. Liu;Y. Xie;Y. Wang;S. Qi","Mol Med Rep","Mol Med Rep","Ischemic postconditioning has been demonstrated to alleviate brain ischemia/reperfusion-induced neuronal apoptosis; however, the protective mechanisms underlying the improved and more convenient method of remote ischemic postconditioning (RIPostC) are only recently beginning to be elucidated. Mitochondria are important in the regulation of cell apoptosis, and the B‑cell lymphoma 2 (Bcl‑2) homology 3 interacting‑domain death agonist (BID) promotes the insertion/oligomerization of Bcl‑2‑associated X protein into the mitochondrial outer membrane, leading to the release of proapoptotic proteins from the mitochondria. The present study hypothesized that RIPostC targets the BID‑mediated mitochondrial apoptotic pathway to exert neuroprotective effects, and the optimal time window for RIPostC application was investigated. RIPostC was conducted as follows: Three 10‑min cycles of bilateral femoral artery occlusion with intervals of 10 min reperfusion after 0, 10 or 30 min of brain reperfusion. The results revealed that reperfusion induced significant activation of BID, via proteolytic cleavage and translocation to the mitochondria, as determined using western blot analysis and immunofluorescence staining. Mitochondrial release of cytochrome c was additionally detected during BID activation, all of which were inhibited by the application of RIPostC. When RIPostC was applied during reperfusion, it demonstrated a significant protective effect. Furthermore, the infarct volume, neurological function and the degree of neuronal apoptosis were improved with application of RIPostC. These results suggested that the protective mechanisms of RIPostC may be associated with inhibition of the BID‑mediated mitochondrial apoptotic pathway, which may act as a potential molecular target for therapeutic intervention in the future.","https://www.ncbi.nlm.nih.gov/pubmed/28560462","Department of Anesthesiology, The Fourth Affiliated Hospital of Harbin Medical University, Harbin, Heilongjiang 150001, P.R. China.",2017,"10.3892/mmr.2017.6652","Journal Article","Animals;*Apoptosis;BH3 Interacting Domain Death Agonist Protein/genetics/*metabolism;Brain Ischemia/genetics/metabolism/pathology;Cytochromes c/metabolism;Disease Models, Animal;Gene Expression;*Ischemic Postconditioning;Male;Mitochondria/*metabolism;Neurons/*metabolism;Protein Transport;Rats;*Signal Transduction","/4283380169/Gao-2017-Remote ischemic postconditioning conf.pdf",NA,"2024-08-16 14:07:02","825ebfc6-7a60-4df4-86a2-98f0c26f4ecb","SR-SAVI_RIC","False","sofija vojvodic","5e43029d-0f15-4d15-9502-cf5056036fff","unclear","","2024-09-19 13:51:15","df9ec509-d9b6-4d0f-8c64-b5de80d30e93","unclear","","2024-09-19 13:51:15","e4a0da0b-8974-4d92-a287-1ea59b8eb927","unclear","","2024-09-19 13:51:15","0fa651c8-09d2-4c08-90ef-747099d0d81d","unclear",NA,"2024-09-19 13:51:15","327de84f-993e-4204-9627-0335097ea9d7","unclear","","2024-09-19 13:51:15","35475fa0-da11-41c0-b12f-56526bd5dbc8","high","""Notably, BID activation and cytochrome c release were
not observed at the end of MCAO (data not shown).""","2024-09-19 13:51:15","693b9739-9b2a-4d83-9e75-74fe09bcc126","unclear","","2024-09-19 13:51:15","sofija vojvodic","fb57a215-ed85-4439-9797-c9def1d2c132","infarct volume","2a988b6f-5782-4dbb-8f8a-9fe7028eb614","unclear","","2024-09-19 13:51:15","8827f998-7022-465b-8aac-df56c7c26190","unclear","","2024-09-19 13:51:15","ee83c1f1-59d0-44ed-9f0b-3bf180df42fe","unclear","","2024-09-19 13:51:15"
"5e901876-9252-45d1-900d-6f5f79ba7a9d","1b96b68f-9627-4436-b421-db699510f2ae","Role of the Janus kinase 2/signal transducers and activators of transcription 3 pathway in the protective effect of remote ischemia preconditioning against cerebral ischemia-reperfusion injury in rats","Y. L. Zhao;Y. Xue;Z. H. Liu;S. Ren;X. C. Guan;M. Li;X. Zhao;Y. Song;X. P. Ren","NeuroReport","NeuroReport","Remote ischemia preconditioning (RIPC) is a convenient and effective method for alleviating cerebral ischemia-reperfusion injury (CIRI). However, to date, the underlying mechanism has not been fully elucidated. The aim of this research was to explore the protective mechanism of RIPC on the brain after CIRI. Four groups of rats were included in this experiment: the sham group, the middle cerebral artery occlusion (MCAO) group, the RIPC group, and the AG490 group. As an inhibitor of Janus kinase 2 (JAK2), AG490 was used after MCAO in the AG490 group to explore the role of JAK2/signal transducers and activators of transcription 3 (STAT3) after CIRI. Brain tissue was collected for evaluation after 2 h of ischemia and 24 h of reperfusion. ELISA for interleukin (IL)-6, IL-1 beta and tumor necrosis factor-alpha, western blot for phosphorylated-JAK2 and phosphorylated-STAT3, the neurological severity score and Longa scoring system for neurological deficit evaluation, triphenyltetrazolium chloride staining for cerebral infarction, and terminal deoxynucleotidyl transferase-mediated dUTP nick-end labeling staining for apoptotic cells in the brain tissue were performed. Neurological function in the RIPC group was notably better than that in the MCAO group. There were smaller infarction sizes and fewer apoptotic cells in the ischemic area in the RIPC group than in the MCAO group. In the RIPC group, the expression levels of IL-1 beta, tumor necrosis factor-alpha, IL-6, and phosphorylated-JAK2 and phosphorylated-STAT3 were significantly lower than those in the MCAO group. The findings in the RIPC and AG490 groups were similar. The inflammatory response and apoptosis are two important processes involved in brain dysfunction after CIRI. The JAK2/STAT3 signaling pathway has an underlying relationship with these two processes. These findings suggest that RIPC can alleviate the damage to brain tissue by CIRI by regulating the JAK2/STAT3 signaling pathway negatively.","<Go to ISI>://WOS:000471026400009","Harbin Med Univ, Affiliated Hosp 2, Hand & Microsurg Ctr, Harbin 150081, Heilongjiang, Peoples R China
Harbin Med Univ, State Prov Key Labs Biomed Pharmaceut, Harbin, Heilongjiang, Peoples R China
Harbin Med Univ, Heilongjiang Med Sci Inst, Harbin, Heilongjiang, Peoples R China
Loyola Univ, Stritch Sch Med, Dept Mol Pharmacol & Therapeut, Chicago, IL 60611 USA",2019,"10.1097/Wnr.0000000000001257","Journal Article","apoptosis;cerebral ischemia-reperfusion injury;inflammatory factor;janus kinase 2;signal transducers and activators of transcription 3 signal pathway;remote ischemic preconditioning;global burden;inflammation;contributes;apoptosis;disease;stroke;cells","/2543408792/Zhao-2019-Role of the Janus kinase 2_signal tr.pdf",NA,"2024-08-16 14:07:02","825ebfc6-7a60-4df4-86a2-98f0c26f4ecb","SR-SAVI_RIC","False","sofija vojvodic","47aac26a-66ce-4b11-a2a6-4411feff5939","unclear","","2024-08-26 12:19:10","828bc363-69c3-4178-a419-0da96da02013","unclear","","2024-08-26 12:19:10","8d1782f4-5ca2-4c01-8445-da1d7927ac09","unclear","","2024-08-26 12:19:10","72e08466-c168-4986-96e4-2765aea8099f","unclear",NA,"2024-08-26 12:19:10","ca7490fb-bfd8-46ef-9f57-5f518e6853f6","unclear","","2024-08-26 12:19:10","c858bd4a-3602-4547-9dde-4792bbd7965d","low","","2024-08-26 12:19:10","e1b1576c-8146-4ded-afc7-72eb1b73619d","unclear","# no sham for ric","2024-08-26 12:19:10","sofija vojvodic","cae6c9e3-69fc-454a-b507-4a8933090997","infarct volume","c6bed741-8bfa-4d7b-ace3-063291113420","unclear","","2024-08-26 12:19:10","e52adf4f-bc1e-4e07-8224-ccb2e264b786","unclear","","2024-08-26 12:19:10","28bf0944-219c-4645-b768-e6a13b271b32","high","","2024-08-26 12:19:10"
"638e4b3d-eabe-4942-978e-c768cfc10941","1b96b68f-9627-4436-b421-db699510f2ae","Role of mitophagy regulated by Parkin/DJ-1 in remote ischemic postconditioning-induced mitigation of focal cerebral ischemia-reperfusion","M. Zhou;Z. Y. Xia;S. Q. Lei;Y. Leng;R. Xue","Eur Rev Med Pharmacol Sci","Eur Rev Med Pharmacol Sci","OBJECTIVE: We evaluated the role of mitophagy controlled by Parkin/DJ-1 in remote ischemic post conditioning-induced mitigation of focal cerebral ischemia-reperfusion (I/R) injury in rats. MATERIALS AND METHODS: Ninety adult male rats were randomly assigned into 5 groups including a sham operation group (S) and ischemia-reperfusion group (I/R). Focal cerebral I/R was induced by right middle cerebral artery occlusion (MCAO). I/R+remote ischemic postconditioning (I/R+RIPoC), I/R+RIPoC+ mitophagy inhibitor Mdivi-1 (I/R+RIPoC+M), and I/R+RIPoC+ normal saline (I/R+RIPoC+NS) groups all received 3 cycles of 10 minutes reperfusion followed by 10 minutes ischemia in bilateral femoral arteries at the beginning of cerebral reperfusion. I/R+RIPoC+M received mitochondrial division inhibitor (Mdivi-1) before ischemia and after 24h of reperfusion, neurological deficit scores (NDSs) were measured and rats were then sacrificed. Brain was removed and size of the infarct was determined. Apoptosis index and LC3-II/I ratio, Parkin/DJ-1 proteins expression, SOD activity, MDA and 15-F2t-Isoprostane content in cerebral ischemic penumbra were studied. Linear correlation between Parkin/DJ-1 proteins expression and LC3-II/I ratio and cerebral infarct size were analyzed. RESULTS: In experimental groups the NDSs, percentage of cerebral infarct size, apoptosis index, LC3-II/I ratio, MDA and 15-F2t-Isoprostane content significantly increased and Parkin/DJ-1 proteins were up-regulated (p<0.05). In I/R+RIPoC and I/R+RIPoC+NS groups, NDSs, percentage of cerebral infarct size, apoptosis index, MDA and 15-F2t-Isoprostane content decreased significantly while LC3-II/I ratio and SOD activity increased compared to I/R group. Parkin/DJ-1 proteins were up-regulated in I/R+RIPoC, I/R+RIPoC+NS and I/R+RIPoC+M groups (p<0.05). LC3-II/I ratio and SOD activity significantly decreased (p<0.05). Parkin/DJ-1 proteins expression didn't changed in I/R+RIPoC+M group (p>0.05). The Parkin/DJ-1 proteins expression were positively correlated with LC3-II/I ratio, and negatively correlated with cerebral infarct size (p<0.05). CONCLUSIONS: Remote Ischemic Post Conditioning (RIPoC) promoted the mitophagy via up-regulation of Parkin/DJ-1 proteins expression and inhibiting the oxidative stress responses, thus mitigating focal cerebral I/R injury in rats.","https://www.ncbi.nlm.nih.gov/pubmed/26744879","Department of Anesthesiology, Renmin Hospital of Wuhan University, Wuhan, Chin. zhoumi9002@163.com.",2015,"","Journal Article","Animals;Brain Ischemia/*prevention & control;Disease Models, Animal;Intracellular Signaling Peptides and Proteins/physiology;*Ischemic Postconditioning;Male;*Mitophagy;Oncogene Proteins/physiology;Protein Deglycase DJ-1;Random Allocation;Rats;Rats, Sprague-Dawley;Reperfusion Injury/*prevention & control;Ubiquitin-Protein Ligases/physiology;Up-Regulation","",NA,"2024-08-16 14:07:02","825ebfc6-7a60-4df4-86a2-98f0c26f4ecb","SR-SAVI_RIC","False","sofija vojvodic","b66f311e-aa65-421e-94cd-79f024eb8938","unclear","","2024-09-19 13:57:17","0391981a-3c0b-46d0-ae19-ebc07d03b4b7","unclear","","2024-09-19 13:57:17","9fc6c87b-845e-47fc-9a44-1ef916be98dc","unclear","","2024-09-19 13:57:17","07bf5ff6-5ab3-48b4-bcb8-4d62e2a75342","unclear",NA,"2024-09-19 13:57:17","940e753f-5833-4ce2-be32-bb0f2da27ee5","unclear","","2024-09-19 13:57:17","738294ed-eda3-40c7-ab8d-16a6681465ba","unclear","","2024-09-19 13:57:17","4a1a221c-8de7-4063-91fd-ab16b01da549","low","","2024-09-19 13:57:17","sofija vojvodic","45867d7b-51a0-4f66-a736-85a14bee4bb2","infarct volume","86e73395-1580-4764-b5b8-0034ab7c5e34","unclear","","2024-09-19 13:57:17","153c3d95-3bb9-4c31-bac0-96ab7e23e428","unclear","","2024-09-19 13:57:17","6020f734-1567-4ead-b48c-839d1bebdcc9","unclear","","2024-09-19 13:57:17"
"6755572d-297f-45b3-a93d-907df5c114e9","1b96b68f-9627-4436-b421-db699510f2ae","Neuroprotection by peripheral nerve electrical stimulation and remote postconditioning against acute experimental ischaemic stroke","Y. Xiao;A. Hafeez;Y. Zhang;S. M. Liu;Q. T. Kong;Y. X. Duan;Y. M. Luo;Y. C. Ding;H. Z. Shi;X. M. Ji","Neurological Research","Neurological Research","Objective: Local electrical stimulation (ES) was reported to protect the brain during ischaemic injury, while the protective effect of limb remote ischaemic postconditioning (RIPostC) was confirmed. The aim of this study was to explore whether remote peripheral nerve ES exerted neuroprotection and whether this procedure shared the same neuroprotective mechanism underlying RIPostC.
Methods: Stroke in Sprague-Dawley rats was induced by distal middle cerebral artery occlusion (dMCAO). Rats were divided into five groups: dMCAO, RIPostC, ES, nerve resection (NR) + ES and RIPostC+ES. Twenty-four hours after reperfusion, rats were examined for neurobehavioural function, including forelimb fault placing test, Ludmila Belayev 12 score test, and infarct volume. The expression of Bcl-2 and cleaved-caspase-3 in ischaemic cortex was assessed by Western blot.
Results: In forelimb fault placing test, as compared to the highest score in the stroke-only group, RIPostC, ES and RIPostC+ES groups showed a significantly (P<0.01) lower score. The results were similar for the Ludmila Belayev 12 score test. The infarct volume of the treatment groups also exhibited significant (P<0.01) reduction as compared to the stroke-only group. The volume of infarct tissue in the combination of RIPostC+ES was significantly less than RIPostC and ES alone (P<0.05). Furthermore, NR blocked the ES's protection (P<0.05) as compared to the ES group by using above-mentioned methods. Bcl-2 was upregulated, while cleaved-caspase-3 was downregulated in the experimental groups as compared to the control group. No difference was found among the experimental groups.
Discussion: Peripheral nerve ES appears to have a neuroprotective effect in a rat dMCAO model. This effect may indicate a neural protective mechanism underlying beneficial effect of RIPostC.","<Go to ISI>://WOS:000354811200014","Capital Med Univ, Inst Hypoxia Med, Xuanwu Hosp, Beijing, Peoples R China
Harbin Med Univ, Dept Neurosurg, Affiliated Hosp 1, Harbin, Peoples R China
Capital Med Univ, Beijing Inst Brain Disorders, Beijing, Peoples R China
Wayne State Univ, Sch Med, Dept Neurosurg, Detroit, MI USA
Chongqing Med Univ, Affiliated Hosp 1, Dept Neurol, Chongqing, Peoples R China
Capital Med Univ, Xuanwu Hosp, Cerebrovasc Dis Res Inst, Beijing, Peoples R China
Capital Med Univ, Xuanwu Hosp, Dept Neurosurg, Beijing, Peoples R China",2015,"10.1179/1743132815y.0000000032","Journal Article","stroke;cerebral ischaemia;peripheral nerve;electrical stimulation;remote ischaemia postconditioning;cerebral-artery occlusion;ischemia/reperfusion injury;reperfusion injury;brain;rats;middle;expression;apoptosis;recovery;protein","/3983051984/Xiao-2015-Neuroprotection by peripheral nerve.pdf",NA,"2024-08-16 14:07:02","825ebfc6-7a60-4df4-86a2-98f0c26f4ecb","SR-SAVI_RIC","False","sofija vojvodic","71825856-99e8-4586-951e-ada7936f204b","unclear","","2024-09-19 13:58:31","821867a8-0875-472e-91c3-e6a6efb8fe6f","unclear","# for weigths, inf vols not measured with MRI","2024-09-19 13:58:31","350e800a-314a-4fd8-a4cf-49dbeed8d1d4","unclear","","2024-09-19 13:58:31","829d6211-df07-4e97-8c8e-766b9e298060","unclear",NA,"2024-09-19 13:58:31","f1967cd3-6b96-4548-ac99-7e3aa92376b3","unclear","","2024-09-19 13:58:31","ccdef990-86f1-4583-8fed-f782c09bffa9","high","","2024-09-19 13:58:31","a3f8bae4-2e7e-4a44-a106-1a4b8bcb8da4","unclear","# no sham for ric","2024-09-19 13:58:31","sofija vojvodic","4c54f637-c1aa-4e84-95a1-fa1044006b70","infarct volume","1f5e041d-7eb6-41c0-96b6-974b6d07bf9e","unclear","","2024-09-19 13:58:31","8501d2af-78bf-42d9-8df9-bc3e2461f85e","unclear","","2024-09-19 13:58:31","2b7071a9-be06-4e42-8e1d-edc5e4b86eac","unclear","","2024-09-19 13:58:31"
"77370e56-81be-4305-9c2e-59c5c2994a9b","1b96b68f-9627-4436-b421-db699510f2ae","Protective effects of remote ischemic preconditioning in rat hindlimb on ischemia-reperfusion injury","Y. Zhang;X. R. Liu;F. Yan;L. Q. Min;X. M. Ji;Y. M. Luo","Neural Regeneration Research","Neural Regeneration Research","Three cycles of remote ischemic pre-conditioning induced by temporarily occluding the bilateral femoral arteries (10 minutes) prior to 10 minutes of reperfusion were given once a day for 3 days before the animal received middle artery occlusion and reperfusion surgery. The results showed that brain infarct volume was significantly reduced after remote ischemic pre-conditioning. Scores in the forelimb placing test and the postural reflex test were significantly lower in rats having undergone remote ischemic pre-conditioning compared with those who did not receive remote ischemic pre-conditioning. Thus, neurological function was better in rats having undergone remote ischemic pre-conditioning compared with those who did not receive remote ischemic pre-conditioning. These results indicate that remote ischemic pre-conditioning in rat hindlimb exerts protective effects in ischemia-reperfusion injury.","<Go to ISI>://WOS:000303777800004","Capital Med Univ, Minist Educ, Xuanwu Hosp, Cerebrovasc Dis Res Inst, Beijing 100053, Peoples R China
Capital Med Univ, Minist Educ, Xuanwu Hosp, Dept Neurol, Beijing 100053, Peoples R China
Capital Med Univ, Minist Educ, Key Lab Neurodegenerat Dis, Beijing 100053, Peoples R China
Liaoning Med Univ, Affiliated Hosp, Dept Neurol, Jinzhou 121000, Liaoning Provin, Peoples R China",2012,"10.3969/j.issn.1673-5374.2012.00.004","Journal Article","cerebral ischemia-reperfusion;remote ischemic preconditioning;stroke;neural regeneration;channel-dependent mechanism;cerebral-artery occlusion;myocardium;brain;heart;humans;stroke;cardioprotection;distance;rabbit","/0631803036/Zhang-2012-Protective effects of remote ischem.pdf",NA,"2024-08-16 14:07:02","825ebfc6-7a60-4df4-86a2-98f0c26f4ecb","SR-SAVI_RIC","False","sofija vojvodic","76ab0a9d-a7c9-49b8-8d67-a5f564910b00","unclear","","2024-09-19 14:34:46","4e519256-1db7-4a47-9bdc-0568ee4993df","unclear","# for weights","2024-09-19 14:34:46","d6a8a46d-af01-4664-95ac-d21d8ebe1c14","unclear","","2024-09-19 14:34:46","3eceeb6f-2bcc-477f-955f-18bfc02bd067","unclear",NA,"2024-09-19 14:34:46","203160b3-3400-4880-8404-b8159c10d803","unclear","","2024-09-19 14:34:46","888398a6-4ce2-4563-b41a-6173e41ca925","high","","2024-09-19 14:34:46","04c8697f-753a-4446-921e-661a301efccc","unclear","# no sham for ric","2024-09-19 14:34:46","sofija vojvodic","e9946f59-4d7e-440b-8658-83d1b815f654","infarct volume","ac724c06-7cb3-4ce9-836e-cdd093fdaef3","unclear","","2024-09-19 14:34:46","d2c51d4b-9c78-4478-9ecf-c7f9039e38e3","unclear","","2024-09-19 14:34:46","132a6a43-6204-4bc0-ad70-ced715baea2b","high","","2024-09-19 14:34:46"
"96ba2d91-8b6f-45ea-9fe5-ccd4da169b31","1b96b68f-9627-4436-b421-db699510f2ae","Remote ischemic post-conditioning improves neurological function by AQP4 down-regulation in astrocytes","S. Li;X. Hu;M. Zhang;F. Zhou;N. Lin;Q. Xia;Y. Zhou;W. Qi;Y. Zong;H. Yang;T. Wang","Behav Brain Res","Behav Brain Res","Cerebral ischemia is a primary cause of human death and long-term disability. Previous studies have suggested that remote ischemic post-conditioning (RIPC) is a potential useful tool for cerebral ischemic treatment. However, the protective mechanism of RIPC is not very clear. This study verified the hypothesis that, in remote post-conditioning of cerebral ischemic rats, down-regulation of aquaporin 4 (AQP4), which is an important player for water hemostasis in astrocytes, could attenuate cerebral damage after transient middle cerebral artery occlusion (MCAO). In this study, RIPC model was established after MCAO. Each hind limb of rat was clamped by small rubber tubes for 10 min, and then the tubes were opened for 10 min. The clamping and opening were operated for a total of three cycles to block the hind limbs blood flow. The results showed that, RIPC could significantly improve neurological function, decrease the percentage of the infarct volume and edema, and elevate the integrity of blood-brain barrier (BBB). In addition, the numbers of AQP4 and glial fibrillary acidic protein (GFAP) positive cells were significantly lower in the RIPC group. Moreover, we found that AQP4 expression decreased in response to ischemia/reperfusion in the RIPC group. Our findings indicated that RIPC could attenuate focal cerebral ischemia/reperfusion injury, and the neuroprotective mechanism was related with the down-regulation of AQP4 in astrocytes.","https://www.ncbi.nlm.nih.gov/pubmed/25907740","Department of Morphology Lab, Chengdu Medical College, Sichuan 610500, China. Electronic address: 734862297@qq.com.
Department of Morphology Lab, Chengdu Medical College, Sichuan 610500, China. Electronic address: woodwind@sohu.com.
Department of Morphology Lab, Chengdu Medical College, Sichuan 610500, China.
Institute of Neuroscience, Kunming Medical University, Kunming 650031, China.
State Key Laboratory of Biotherapy, Translational Neuroscience Center, Sichuan University, Sichuan 610041, China.
Institute of Neuroscience, Kunming Medical University, Kunming 650031, China; State Key Laboratory of Biotherapy, Translational Neuroscience Center, Sichuan University, Sichuan 610041, China. Electronic address: neuron@yahoo.com.cn.",2015,"10.1016/j.bbr.2015.04.024","Journal Article","Adult;Animals;Aquaporin 4/*metabolism;Astrocytes/*metabolism;Blood-Brain Barrier/pathology;Brain/*blood supply/*metabolism;Brain Ischemia/pathology/physiopathology/*therapy;Down-Regulation;Female;Humans;Infarction, Middle Cerebral Artery;*Ischemic Postconditioning;Rats;Rats, Sprague-Dawley;Reperfusion Injury/therapy;Aquaporin 4;Cerebral ischemic stroke;Middle cerebral artery occlusion;Remote ischemic post-conditioning","",NA,"2024-08-16 14:07:02","825ebfc6-7a60-4df4-86a2-98f0c26f4ecb","SR-SAVI_RIC","False","sofija vojvodic","60acb231-9a36-4635-9f17-272ec3e6e999","unclear","","2024-09-19 14:39:50","c48b214d-1fa4-472b-b256-9749ac4c40e6","low","","2024-09-19 14:39:50","372de62f-620e-425f-bd25-ceff45eaf0bc","unclear","","2024-09-19 14:39:50","51e92197-9d71-41d9-9b6a-9c948decf65a","unclear",NA,"2024-09-19 14:39:50","11e0ba4e-ef7c-486b-ac5a-05f81d5b4a3d","unclear","","2024-09-19 14:39:50","70866d02-009d-4b49-a76f-fd43dc35eaf8","high","","2024-09-19 14:39:50","29db8127-873d-4b57-a596-2b0be08c803d","unclear","","2024-09-19 14:39:50","sofija vojvodic","43f5da5b-4460-4f97-a27b-12f8c4513fc6","infarct volume","f30705ba-5a48-4a6d-a8de-534660da6106","unclear","","2024-09-19 14:39:50","f2ca86f5-3105-47cb-a1aa-7b89e1c6edca","low","""These slices were used for histological investigation. These methods of evaluation were performed by a blinded pathologist.""","2024-09-19 14:39:50","3c1850b4-dfb5-4426-ba75-b89156b48ebf","low","","2024-09-19 14:39:50"
"a64ae6db-5195-4216-aea7-3a5b2a6112a1","1b96b68f-9627-4436-b421-db699510f2ae","Noninvasive limb remote ischemic preconditioning contributes neuroprotective effects via activation of adenosine A1 receptor and redox status after transient focal cerebral ischemia in rats","S. Hu;H. Dong;H. Zhang;S. Wang;L. Hou;S. Chen;J. Zhang;L. Xiong","Brain Res","Brain Res","PURPOSES: To investigate whether activation of adenosine A1 receptor (A1R) through limb remote ischemic preconditioning (RIPC) by a noninvasive tourniquet contribute neuroprotective effects against rat focal cerebral ischemic injury induced by transient middle cerebral artery occlusion (MCAO). METHODS: One hundred twenty-eight Sprague-Dawley (SD) rats were randomly assigned into eight groups (n=16 each): MCAO, Control, 8-cyclopentyl-1,3-dipropulxanthine (DPCPX, Adenosine A1 receptor antagonist), RIPC, DPCPX+RIPC, Vehicle+RIPC, 2-chloro-N(6)-cyclopentyladenosine (CCPA, Adenosine A1 receptor agonist) and CCPA+DPCPX groups. All animals underwent right middle cerebral artery occlusion (MCAO) for 2 h. Limb RIPC consisted of three cycles of 5-minute ischemia followed by 5-minute reperfusion in right hind-limb by tourniquet application. Neurological deficit scores were evaluated 24 h after reperfusion, and then the infarct volume was assessed with diffusion weighted imaging (DWI) and 2, 3, 5-triphenyltetrazolium chloride (TTC) staining. Inflammation was assessed by serum tumor necrosis factor alpha (TNF(alpha)) and NO; oxidative stress was estimated by malondialdehyde (MDA) and 4-hydroxyalkenals (4-HAD), superoxide dismutase (SOD) activity and GSH. RESULTS: Animals in the RIPC, Vehicle+RIPC and CCPA groups developed lower neurological deficit scores and smaller brain infarct volumes than the Control group (P<0.01). Animals in the DPCPX, DPCPX+RIPC and CCPA+DPCPX groups developed higher neurological deficit scores and larger brain infarct volumes than the RIPC, Vehicle+RIPC and CCPA groups (P<0.01). DPCPX abolished the protective effects of RIPC and CCPA. RIPC or CCPA induced a significant increase in brain MnSOD (manganese SOD) activity and NO generation, and this activity was abolished by DPCPX pretreatment. RIPC or CCPA induced a significant reduction (P<0.05) in the GSH and MDA+4HDA concentration and an accumulation in the GSSG concentration in both compartments (serum and tissue) as compared with the MCAO group. CONCLUSIONS: The present study demonstrates that limb RIPC induced by noninvasive tourniquet reduces cerebral ischemic injury in rats, and the effect of neuroprotection may depend on the activation of adenosine A1 receptors. CCPA pretreatment can induce delayed ischemic tolerance against cerebral ischemia/reperfusion injury. These protective effects are associated with a reduction in oxidative stress, inflammation and endogenous antioxidant preservation.","https://www.ncbi.nlm.nih.gov/pubmed/22560096","Department of Anesthesiology, Xijing Hospital, Fourth Military Medical University, Xi'an 710032, Shaanxi, China.",2012,"10.1016/j.brainres.2012.04.017","Journal Article","Adenosine/administration & dosage/analogs & derivatives;Analysis of Variance;Animals;Brain Infarction/etiology/prevention & control;Diffusion Magnetic Resonance Imaging;Disease Models, Animal;Extremities/*innervation;Glutathione/metabolism;Infarction, Middle Cerebral Artery/*therapy;Ischemic Attack, Transient/*prevention & control;Ischemic Preconditioning/*methods;Lipid Peroxidation/drug effects;Male;Nervous System Diseases/etiology/prevention & control;Neuroprotective Agents/*administration & dosage;Nitrites/metabolism;Oxidation-Reduction;Rats;Rats, Sprague-Dawley;Receptor, Adenosine A1/*metabolism;Severity of Illness Index;Superoxide Dismutase/metabolism;Tumor Necrosis Factor-alpha/blood;Xanthines/administration & dosage","",NA,"2024-08-16 14:07:02","825ebfc6-7a60-4df4-86a2-98f0c26f4ecb","SR-SAVI_RIC","False","sofija vojvodic","3c99d3d7-804d-4af2-b9ac-cbdd5b993c00","unclear","","2024-09-19 14:17:05","abb7abba-362e-4892-a8dd-89df27167387","unclear","","2024-09-19 14:17:05","443cb24b-88e8-405f-b17e-82d03e875e6e","unclear","","2024-09-19 14:17:05","e4e77c79-7cd8-457f-aca1-1b68063b7fd0","unclear",NA,"2024-09-19 14:17:05","1717a421-ded7-4090-8c5d-3c6284dbe680","unclear","","2024-09-19 14:17:05","0caee364-0b0e-4323-a791-350b822fee60","unclear","","2024-09-19 14:17:05","997d6433-c01d-4058-af06-b19a7faa5af2","unclear","","2024-09-19 14:17:05","sofija vojvodic","d0dc6c84-6298-4d6b-88f1-e396880ada3a","infarct volume","fcc62bb6-e456-4ab8-bebc-91afe4e717bf","unclear","","2024-09-19 14:17:05","9d32fc4a-0c9f-4c13-91f4-86bd9b354a07","unclear","","2024-09-19 14:17:05","fbc3c810-da0d-4983-ae42-2e7e59fa15ef","low","""Focal cerebral ischemia was performed on 128 rats; all rats survived until 24 h after reperfusion.""","2024-09-19 14:17:05"
"a8757f14-f8c2-4c40-bb6d-ff231578a880","1b96b68f-9627-4436-b421-db699510f2ae","Limb remote ischemic postconditioning is effective but also time-course-limited in protecting the brain from I/R injury","C. Xu;C. J. Yi;H. D. Guo;Q. Q. Liu;L. Wang;H. X. Li","Turkish Journal of Medical Sciences","Turkish Journal of Medical Sciences","Aim: To determine the effect of limb remote ischemic postconditioning (LIPoC) against cerebral ischemia reperfusion in rats and the relationship between cycle number or remote postconditioning episode duration and the protective function of LIPoC.
Materials and methods: Transient focal ischemia/reperfusion was induced by 90 min of middle cerebral artery occlusion (MCAO) with nylon monofilament and 22 h of reperfusion in male Sprague-Dawley rats. The animals underwent LIPoC consisting of 1, 2, or 3 cycles, with each occlusion or release lasting for 5 min (5/5), 10 min (10/10), or 15 min (15/15) of bilateral femoral artery occlusion/release. Neurological score, infarct volume, water content, blood-brain barrier permeability (BBB), neuronal analysis, immunohistochemical detection, and mitochondrial permeability transition pore opening were measured.
Results: Infarct volume was significantly reduced in the groups with 2 cycles of 15/15, 3 cycles of 10/10, and 2 cycles of 10/10. These 3 groups also had attenuated brain edema, BBB disruption, and apoptosis compared to both the MCAO and sham groups.
Conclusion: This study affirmed the protective effect of LIPoC on cerebral reperfusion injury. Furthermore, it indicated that the accumulative time of limb occlusion/reperfusion might be crucial in remote postconditioning and that LIPoC exerted its maximum protective effect if the accumulative time of limb occlusion/reperfusion lasted from 40 to 60 min.","<Go to ISI>://WOS:000308053300025","Sichuan Univ, W China Hosp, Natl Chengdu Ctr Safety Evaluat Drugs, Chengdu 610064, Peoples R China
Huazhong Univ Sci & Technol, Dept Neurol, Tongji Hosp, Tongji Med Coll, Wuhan 430074, Peoples R China
Sichuan Univ, Coll Publ Hlth, Dept Toxicol, Chengdu 610064, Peoples R China",2012,"10.3906/sag-1106-2","Journal Article","stroke;ischemia/reperfusion injury;middle cerebral artery occlusion;remote ischemic postconditioning;limb;rat;barrier permeability;adenosine receptors;protein-kinase;reperfusion;activation;rats;myocardium;infarction","",NA,"2024-08-16 14:07:02","825ebfc6-7a60-4df4-86a2-98f0c26f4ecb","SR-SAVI_RIC","False","sofija vojvodic","c4485d29-a301-4cfd-8575-6f3ee07b484a","unclear","","2024-09-19 14:20:24","87964755-e33e-4a8e-a915-e65590ba99bb","unclear","# weights similar, infarct vols not applicable because not MRI","2024-09-19 14:20:24","4e821cb8-477e-4bfc-a757-498a76f6fc2e","unclear","","2024-09-19 14:20:24","e00e1a3b-c52d-4a7a-9566-8ea199a968b5","unclear",NA,"2024-09-19 14:20:24","4a5f41f2-d6fd-4b42-8b39-62ba7deed69f","unclear","","2024-09-19 14:20:24","78adbaab-7fc7-4b68-9486-6fd74cb00005","high","","2024-09-19 14:20:24","5f6bebff-67a9-4696-bcf3-fd9e616a6dd7","unclear","# no sham for RIC","2024-09-19 14:20:24","sofija vojvodic","e2fd5123-ef4e-4a0c-a23b-28b0b40f5fa5","infarct volume","40c3f769-419b-4035-9245-17adb6e7e614","unclear","","2024-09-19 14:20:24","1d8720d6-2f9a-4c59-9baa-08ed3e441317","unclear","","2024-09-19 14:20:24","5fdd2825-b4b3-4c38-afc6-923a861ea1b2","high","","2024-09-19 14:20:24"
"c02d651c-3a9c-42bb-a77c-876af9d7ed4c","1b96b68f-9627-4436-b421-db699510f2ae","Prevention of the collapse of pial collaterals by remote ischemic perconditioning during acute ischemic stroke","J. Q. Ma;Y. L. Ma;B. Dong;M. V. Bandet;A. Shuaib;I. R. Winship","Journal of Cerebral Blood Flow and Metabolism","Journal of Cerebral Blood Flow and Metabolism","Collateral circulation is a key variable determining prognosis and response to recanalization therapy during acute ischemic stroke. Remote ischemic perconditioning (RIPerC) involves inducing peripheral ischemia (typically in the limbs) during stroke and may reduce perfusion deficits and brain damage due to cerebral ischemia. In this study, we directly investigated pial collateral flow augmentation due to RIPerC during distal middle cerebral artery occlusion (MCAo) in rats. Blood flow through pial collaterals between the anterior cerebral artery (ACA) and the MCA was assessed in male Sprague Dawley rats using in vivo laser speckle contrast imaging (LSCI) and two photon laser scanning microscopy (TPLSM) during distal MCAo. LSCI and TPLSM revealed that RIPerC augmented collateral flow into distal MCA segments. Notably, while control rats exhibited an initial dilation followed by a progressive narrowing of pial arterioles 60 to 150-min post-MCAo (constricting to 80-90% of post-MCAo peak diameter), this constriction was prevented or reversed by RIPerC (such that vessel diameters increased to 105-110% of post-MCAo, pre-RIPerC diameter). RIPerC significantly reduced early ischemic damage measured 6 h after stroke onset. Thus, prevention of collateral collapse via RIPerC is neuroprotective and may facilitate other protective or recanalization therapies by improving blood flow in penumbral tissue.","<Go to ISI>://WOS:000406514300029","Univ Alberta, Neurosci & Mental Hlth Inst, Edmonton, AB, Canada
Univ Alberta, Dept Psychiat, Neurochem Res Unit, Edmonton, AB, Canada
Shantou Univ, Coll Med, Affiliated Hosp 1, Shantou, Peoples R China
Univ Alberta, Div Neurol, Dept Med, Edmonton, AB, Canada",2017,"10.1177/0271678x16680636","Journal Article","collateral circulation;ischemia;laser speckle contrast imaging;neuroprotection;two-photon microscopy;focal cerebral-ischemia;transient aortic occlusion;laser speckle flowmetry;blood-flow;embolic stroke;physiopharmacological investigations;plasminogen-activator;urethane anesthesia;artery occlusion;randomized-trial","/3978566838/Ma-2017-Prevention of the collapse of pial col.pdf",NA,"2024-08-16 14:07:02","825ebfc6-7a60-4df4-86a2-98f0c26f4ecb","SR-SAVI_RIC","False","sofija vojvodic","d7aa586b-ed8d-4e68-ba0b-84ea8010872a","unclear","","2024-09-19 14:22:24","836b06f4-3eda-480b-9b5f-e8776d0895a4","unclear","","2024-09-19 14:22:24","087f1200-e363-4a74-ac20-a0d85c0bdc2d","unclear","","2024-09-19 14:22:24","77d4b6d0-3c7b-414d-b303-63990411ad48","unclear",NA,"2024-09-19 14:22:24","c78d6a79-599e-4221-a256-b6eb8cd0a63b","low","","2024-09-19 14:22:24","44e39945-ea5f-4384-b8ee-33bf91de79e5","unclear","","2024-09-19 14:22:24","ec3dd78e-c175-4ca6-8465-332437011d09","low","","2024-09-19 14:22:24","sofija vojvodic","58b73980-c217-427a-a854-de8e7343034b","infarct volume","cf20ac35-57ea-4c65-b9e3-8145f426525b","unclear","","2024-09-19 14:22:24","be9d13d6-2968-4c74-aea0-bbffe283320b","unclear","","2024-09-19 14:22:24","c6646c90-c7a0-4bd8-8a86-ebcbb7b5f776","high","","2024-09-19 14:22:24"
"c800af79-3e5a-4925-a585-93ea245219e0","1b96b68f-9627-4436-b421-db699510f2ae","Limb remote ischemic postconditioning protects cerebral ischemia from injury associated with expression of HIF-1α in rats","Y. H. Zong;L. Jiang;M. X. Zhang;F. F. Zhou;W. Q. Qi;S. Li;H. J. Yang;Y. Zou;Q. J. Xia;X. Zhou;X. S. Hu;T. H. Wang","BMC Neuroscience","BMC Neuroscience","Background: Limb remote ischemic postconditioning (LRIP) can ameliorate cerebral ischemia-reperfusion injury (IRI), while the underlying mechanism remains elusive. Hypoxia-inducible factor 1 alpha (HIF-1 alpha) is an important transcription factor during cerebral ischemia damage. However, whether the neuroprotective effect of LRIP could be associated with HIF-1 alpha is somewhat unclear. Here we tested the hypothesis that Limb remote ischemic postconditioning (LRIP) protecting brain from injury in middle cerebral artery occlusion (MCAO) rat model was associated with HIF-1 alpha expression.
Results: LRIP was conducted with 3 cycles of 10 min occlusion/10 min reperfusion at the beginning of reperfusion. The analysis of neurobehavioral function and triphenyltetrazolium chloride (TTC) staining showed the neurological deficit, brain infarct and cerebral edema, caused by ischemia-reperfusion injury (IRI), were dramatically ameliorated in LRIP administrated animals. Meanwhile, the result of Q-PCR and western blot revealed that the overexpression of HIF-1 alpha induced by IRI could be notably suppressed by LRIP treatment.
Conclusions: LRIP exhibits a protective effect against cerebral ischemia/reperfusion and the possible mechanism is associated with the suppression of HIF-1 alpha in stroke rats.","<Go to ISI>://WOS:000367425800001","Chengdu Med Coll, Dept Morphol Lab, Chengdu 610500, Sichuan, Peoples R China
Chengdu Med Coll, Dept Grad, Chengdu 610500, Sichuan, Peoples R China
Kunming Med Univ, Inst Neurosci, Kunming 650031, Peoples R China
West China Hosp, Dept Anesthesiol, Chengdu 610041, Sichuan, Peoples R China
West China Hosp, Inst Neurol Dis, State Key Lab Biotherapy, Chengdu 610041, Sichuan, Peoples R China
Sichuan Univ, West China Sch Preclin & Forens Med, Dept Histol Embryol & Neurobiol, Chengdu 610041, Sichuan, Peoples R China",2015,"ARTN 97
10.1186/s12868-015-0235-6","Journal Article","cerebral ischemia-reperfusion;lrip;mcao;hif-1 alpha;artery occlusion;focal ischemia;brain-damage;inflammation;neuroprotection;responses;cells","/0939815705/Zong-2015-Limb remote ischemic postconditionin.pdf",NA,"2024-08-16 14:07:02","825ebfc6-7a60-4df4-86a2-98f0c26f4ecb","SR-SAVI_RIC","False","sofija vojvodic","d48756f1-0805-4724-b113-373d66f66fae","unclear","","2024-08-26 12:08:46","85db0149-ae54-4109-a9ae-b8ca1d1da2df","unclear","","2024-08-26 12:08:46","8b60fb30-7965-4c5a-b77f-9f952dcd7728","unclear","","2024-08-26 12:08:46","416a4899-720e-46f6-8c87-ee3e12341c57","unclear",NA,"2024-08-26 12:08:46","5b29f074-f484-4c87-9d5d-608f228a800e","unclear","","2024-08-26 12:08:46","12a17fbd-e78c-4845-b3e7-d7d9ac0cb107","high","","2024-08-26 12:08:46","ed9e59c1-5080-41b0-a132-66ed417c56a8","unclear","# no sham RIC","2024-08-26 12:08:46","sofija vojvodic","f824ff11-f855-49c0-be1f-08fa2e0d9670","infarct volume","70599c36-8f32-4caa-81c8-d9f78993d438","unclear","","2024-08-26 12:08:46","bb11b87b-3913-46bc-b33e-6026732593da","unclear","","2024-08-26 12:08:46","5e948715-6cc3-4eb3-bb6a-3dbddc53a413","unclear","","2024-08-26 12:08:46"
"db998ec1-956f-4d23-8691-c59c5df2bb1f","1b96b68f-9627-4436-b421-db699510f2ae","Noninvasive Delayed Limb Ischemic Preconditioning in Rats Increases Antioxidant Activities in Cerebral Tissue during Severe Ischemia-Reperfusion Injury","H. J. Yuan;X. H. Zhu;Q. Luo;Y. N. Wu;Y. Kang;J. J. Jiao;W. Z. Gao;Y. X. Liu;J. S. Lou","Journal of Surgical Research","Journal of Surgical Research","Background. To study the protection offered by noninvasive delayed limb ischemic preconditioning (NDLIP) against cerebral ischemia reperfusion (I/R) injury in rats.
Materials and Methods. Healthy male Wistar rats were randomly divided into four groups. The delayed protection offered by NDLIP was estimated in light of changes in the neural behavior marker and cerebral tissue antioxidative ability. Neurological functions were studied by observing neural behavior. Total superoxide dismutase (T-SOD), manganese-superoxide dismutase (Mn-SOD), glutathione peroxidase (GSH-PX), and xanthine oxidase (XOD) activity in cerebral tissue and malonaldehyde (MDA) content were detected using a spectrophotometer. Mn-SOD mRNA was measured by the reverse transcription polymerase chain reaction method.
Results. Cerebral infarct size was diminished in the early cerebral ischemia preconditioning (ECIP) + DI/R and NDLIP + I/R groups compared with the I/R group (P < 0.05). The cortical and hippocampal antioxidant enzyme activity and Mn-SOD expression were increased in the ECIP + I/R and NDLIP + I/R groups. In contrast, the cortical and hippocampal XOD activity and MDA content decreased in the ECIP + I/R and NDLIP + I/R groups.
Conclusions. NDLIP decreased cerebral infarct size, increased cerebral antioxidative ability after I/R injury, and decreased peroxidative damage. The antioxidative protection offered by NDLIP was as effective as that offered by ECIP. (C) 2012 Elsevier Inc. All rights reserved.","<Go to ISI>://WOS:000302123300033","Tianjin Med Univ, Dept Pharmacol, Coll Basic Med Sci, Tianjin 300070, Peoples R China
Tianjin Med Univ, Dept Pharm, Gen Hosp, Tianjin 300070, Peoples R China",2012,"10.1016/j.jss.2010.11.001","Journal Article","noninvasive delayed limb ischemic preconditioning;delayed cerebral protection;cerebral infarction;antioxidative ability;artery occlusion;in-vitro;brain;neuroprotection;protects;mechanisms;neurons;anoxia;damage;model","",NA,"2024-08-16 14:07:02","825ebfc6-7a60-4df4-86a2-98f0c26f4ecb","SR-SAVI_RIC","False","sofija vojvodic","eeb7eece-f94b-493f-91ec-e279ce0f4a3e","unclear","","2024-09-19 14:23:47","939be2f8-0e0c-4348-96b4-a019149834a7","unclear","","2024-09-19 14:23:47","88f4939a-b135-4d50-994c-7d8857d3d5d6","unclear","","2024-09-19 14:23:47","d236fda0-e5d5-452e-a38e-db5b6ca6d873","unclear",NA,"2024-09-19 14:23:47","f1d5e8ee-dbb0-41d4-8807-4748f7fe4ac1","unclear","","2024-09-19 14:23:47","c2975227-f01b-4ec6-a231-ee3ae8d6ebb1","high","","2024-09-19 14:23:47","b85614ed-4715-4f36-9c2c-eaf1ec219bcc","unclear","# no ric sham","2024-09-19 14:23:47","sofija vojvodic","81af7150-8784-490d-9cdd-084af075ec59","infarct volume","013dcf27-cc4c-45c5-9d4a-17565be41020","unclear","","2024-09-19 14:23:47","77dd90c1-3f34-46dd-b34f-cec3a4bedf94","unclear","","2024-09-19 14:23:47","e17ecb41-f15a-49d3-be9e-35aefa891937","unclear","","2024-09-19 14:23:47"
"ffe0ffdc-4616-4116-a140-63c2697b592a","1b96b68f-9627-4436-b421-db699510f2ae","Protective effects of limb remote ischemic postconditionting on ischemic stroke rats under hyperglycemia. [Chinese]","G. L. Chen, L. X. Xu, H. Zhao, X. Y. Wu, L. L. Chai, D. L. Zeng, Q Wu","Chinese Pharmacological Bulletin","Chinese Pharmacological Bulletin","Aim: To study the protective effects of limb remote ischemic postconditioning (LRIP) on ischemic stroke rats under hyperglycemia and explore the mechanisms. Methods: Rats were given 50% glucose (6 mL . kg<sup>-1</sup>) by intraperitoneal injection to get acute hyperglycemia model. Then middle cerebral artery occlusion (MCAO) models were created. After blocking middle artery for 1.5 h and reperfusion for 2 h, behavioral testing, infarct size of brain, NO concentration and SOD activity in the serum of those rats were detected. Results: LRIP could improve behavioral score, decrease the area of cerebral infarction, increase the concentration of NO and the SOD activity in serum of MCAO rats. Conclusion: LRIP can relieve cerebral ischemia-reperfusion injury of MCAO rats under acute hyperglycemia.","http://ovidsp.ovid.com/ovidweb.cgi?T=JS&CSC=Y&NEWS=N&PAGE=fulltext&D=emed16&AN=605190224","",2015,"","Journal Article","","",NA,"2024-08-16 14:07:02","825ebfc6-7a60-4df4-86a2-98f0c26f4ecb","SR-SAVI_RIC","False","sofija vojvodic","8cae90f0-4461-4d9f-b519-a48d689d6fe1","unclear","","2024-09-19 14:29:48","7d980ee7-98ac-440b-8a77-2dd8d8cf6965","unclear","","2024-09-19 14:29:48","cdf274c6-0784-4cdf-bdec-86368fee6f77","unclear","","2024-09-19 14:29:48","64d9e9d6-c2c5-4097-a7a6-848bff721070","unclear",NA,"2024-09-19 14:29:48","5fc5e07d-6b98-48f9-b2d1-83fba3300781","unclear","","2024-09-19 14:29:48","76e4c10f-073f-4ac6-9274-c538d21de111","unclear","","2024-09-19 14:29:48","d90909b3-4434-4c06-80bb-f79fab6ce908","unclear","","2024-09-19 14:29:48","sofija vojvodic","56250717-fc9b-46f5-add0-b14637ced356","infarct volume","7a4aba4b-832e-44c4-b966-d831621e27b4","unclear","","2024-09-19 14:29:48","82c05d60-fff5-461e-acf7-0a49d7f50be0","unclear","","2024-09-19 14:29:48","2f8538b0-dba2-40ec-8fd2-955b14de5223","unclear","","2024-09-19 14:29:48"
